Domain Code,Domain,Area Code (M49),Area,Element Code,Element,Item Code (CPC),Item,Year Code,Year,Unit,Value,Flag,Flag Description,Note
"QCL","Crops and livestock products","001","World","5312","Area harvested","01929.01","Flax, raw or retted","1961","1961","ha","2041125","A","Official figure",""
"QCL","Crops and livestock products","001","World","5510","Production","01929.01","Flax, raw or retted","1961","1961","t","696579","A","Official figure",""
"QCL","Crops and livestock products","001","World","5312","Area harvested","01929.01","Flax, raw or retted","1962","1962","ha","2161473","A","Official figure",""
"QCL","Crops and livestock products","001","World","5510","Production","01929.01","Flax, raw or retted","1962","1962","t","770812","A","Official figure",""
"QCL","Crops and livestock products","001","World","5312","Area harvested","01929.01","Flax, raw or retted","1963","1963","ha","1923215","A","Official figure",""
"QCL","Crops and livestock products","001","World","5510","Production","01929.01","Flax, raw or retted","1963","1963","t","723097","A","Official figure",""
"QCL","Crops and livestock products","001","World","5312","Area harvested","01929.01","Flax, raw or retted","1964","1964","ha","2044778","A","Official figure",""
"QCL","Crops and livestock products","001","World","5510","Production","01929.01","Flax, raw or retted","1964","1964","t","724467","A","Official figure",""
"QCL","Crops and livestock products","001","World","5312","Area harvested","01929.01","Flax, raw or retted","1965","1965","ha","1882718","A","Official figure",""
"QCL","Crops and livestock products","001","World","5510","Production","01929.01","Flax, raw or retted","1965","1965","t","803387","A","Official figure",""
"QCL","Crops and livestock products","001","World","5312","Area harvested","01929.01","Flax, raw or retted","1966","1966","ha","1788955","A","Official figure",""
"QCL","Crops and livestock products","001","World","5510","Production","01929.01","Flax, raw or retted","1966","1966","t","770451","A","Official figure",""
"QCL","Crops and livestock products","001","World","5312","Area harvested","01929.01","Flax, raw or retted","1967","1967","ha","1752396","A","Official figure",""
"QCL","Crops and livestock products","001","World","5510","Production","01929.01","Flax, raw or retted","1967","1967","t","797507","A","Official figure",""
"QCL","Crops and livestock products","001","World","5312","Area harvested","01929.01","Flax, raw or retted","1968","1968","ha","1688561","A","Official figure",""
"QCL","Crops and livestock products","001","World","5510","Production","01929.01","Flax, raw or retted","1968","1968","t","685367","A","Official figure",""
"QCL","Crops and livestock products","001","World","5312","Area harvested","01929.01","Flax, raw or retted","1969","1969","ha","1652432","A","Official figure",""
"QCL","Crops and livestock products","001","World","5510","Production","01929.01","Flax, raw or retted","1969","1969","t","778815","A","Official figure",""
"QCL","Crops and livestock products","001","World","5312","Area harvested","01929.01","Flax, raw or retted","1970","1970","ha","1598391","A","Official figure",""
"QCL","Crops and livestock products","001","World","5510","Production","01929.01","Flax, raw or retted","1970","1970","t","703134","A","Official figure",""
"QCL","Crops and livestock products","001","World","5312","Area harvested","01929.01","Flax, raw or retted","1971","1971","ha","1569468","A","Official figure",""
"QCL","Crops and livestock products","001","World","5510","Production","01929.01","Flax, raw or retted","1971","1971","t","776566","A","Official figure",""
"QCL","Crops and livestock products","001","World","5312","Area harvested","01929.01","Flax, raw or retted","1972","1972","ha","1564363","A","Official figure",""
"QCL","Crops and livestock products","001","World","5510","Production","01929.01","Flax, raw or retted","1972","1972","t","731425","A","Official figure",""
"QCL","Crops and livestock products","001","World","5312","Area harvested","01929.01","Flax, raw or retted","1973","1973","ha","1538239","A","Official figure",""
"QCL","Crops and livestock products","001","World","5510","Production","01929.01","Flax, raw or retted","1973","1973","t","696367","A","Official figure",""
"QCL","Crops and livestock products","001","World","5312","Area harvested","01929.01","Flax, raw or retted","1974","1974","ha","1510367","A","Official figure",""
"QCL","Crops and livestock products","001","World","5510","Production","01929.01","Flax, raw or retted","1974","1974","t","676881","A","Official figure",""
"QCL","Crops and livestock products","001","World","5312","Area harvested","01929.01","Flax, raw or retted","1975","1975","ha","1545652","A","Official figure",""
"QCL","Crops and livestock products","001","World","5510","Production","01929.01","Flax, raw or retted","1975","1975","t","802630","A","Official figure",""
"QCL","Crops and livestock products","001","World","5312","Area harvested","01929.01","Flax, raw or retted","1976","1976","ha","1573108","A","Official figure",""
"QCL","Crops and livestock products","001","World","5510","Production","01929.01","Flax, raw or retted","1976","1976","t","842908","A","Official figure",""
"QCL","Crops and livestock products","001","World","5312","Area harvested","01929.01","Flax, raw or retted","1977","1977","ha","1549354","A","Official figure",""
"QCL","Crops and livestock products","001","World","5510","Production","01929.01","Flax, raw or retted","1977","1977","t","786329","A","Official figure",""
"QCL","Crops and livestock products","001","World","5312","Area harvested","01929.01","Flax, raw or retted","1978","1978","ha","1544711","A","Official figure",""
"QCL","Crops and livestock products","001","World","5510","Production","01929.01","Flax, raw or retted","1978","1978","t","726798","A","Official figure",""
"QCL","Crops and livestock products","001","World","5312","Area harvested","01929.01","Flax, raw or retted","1979","1979","ha","1456088","A","Official figure",""
"QCL","Crops and livestock products","001","World","5510","Production","01929.01","Flax, raw or retted","1979","1979","t","641694","A","Official figure",""
"QCL","Crops and livestock products","001","World","5312","Area harvested","01929.01","Flax, raw or retted","1980","1980","ha","1520686","A","Official figure",""
"QCL","Crops and livestock products","001","World","5510","Production","01929.01","Flax, raw or retted","1980","1980","t","619661","A","Official figure",""
"QCL","Crops and livestock products","001","World","5312","Area harvested","01929.01","Flax, raw or retted","1981","1981","ha","1315605","A","Official figure",""
"QCL","Crops and livestock products","001","World","5510","Production","01929.01","Flax, raw or retted","1981","1981","t","609564","A","Official figure",""
"QCL","Crops and livestock products","001","World","5312","Area harvested","01929.01","Flax, raw or retted","1982","1982","ha","1359769","A","Official figure",""
"QCL","Crops and livestock products","001","World","5510","Production","01929.01","Flax, raw or retted","1982","1982","t","636423","A","Official figure",""
"QCL","Crops and livestock products","001","World","5312","Area harvested","01929.01","Flax, raw or retted","1983","1983","ha","1416614","A","Official figure",""
"QCL","Crops and livestock products","001","World","5510","Production","01929.01","Flax, raw or retted","1983","1983","t","797424","A","Official figure",""
"QCL","Crops and livestock products","001","World","5312","Area harvested","01929.01","Flax, raw or retted","1984","1984","ha","1431822","A","Official figure",""
"QCL","Crops and livestock products","001","World","5510","Production","01929.01","Flax, raw or retted","1984","1984","t","833561","A","Official figure",""
"QCL","Crops and livestock products","001","World","5312","Area harvested","01929.01","Flax, raw or retted","1985","1985","ha","1401823","A","Official figure",""
"QCL","Crops and livestock products","001","World","5510","Production","01929.01","Flax, raw or retted","1985","1985","t","763174","A","Official figure",""
"QCL","Crops and livestock products","001","World","5312","Area harvested","01929.01","Flax, raw or retted","1986","1986","ha","1336461","A","Official figure",""
"QCL","Crops and livestock products","001","World","5510","Production","01929.01","Flax, raw or retted","1986","1986","t","738146","A","Official figure",""
"QCL","Crops and livestock products","001","World","5312","Area harvested","01929.01","Flax, raw or retted","1987","1987","ha","1323116","A","Official figure",""
"QCL","Crops and livestock products","001","World","5510","Production","01929.01","Flax, raw or retted","1987","1987","t","948800","A","Official figure",""
"QCL","Crops and livestock products","001","World","5312","Area harvested","01929.01","Flax, raw or retted","1988","1988","ha","1299273","A","Official figure",""
"QCL","Crops and livestock products","001","World","5510","Production","01929.01","Flax, raw or retted","1988","1988","t","919099","A","Official figure",""
"QCL","Crops and livestock products","001","World","5312","Area harvested","01929.01","Flax, raw or retted","1989","1989","ha","1203442","A","Official figure",""
"QCL","Crops and livestock products","001","World","5510","Production","01929.01","Flax, raw or retted","1989","1989","t","802946","A","Official figure",""
"QCL","Crops and livestock products","001","World","5312","Area harvested","01929.01","Flax, raw or retted","1990","1990","ha","1039214","A","Official figure",""
"QCL","Crops and livestock products","001","World","5510","Production","01929.01","Flax, raw or retted","1990","1990","t","687649","A","Official figure",""
"QCL","Crops and livestock products","001","World","5312","Area harvested","01929.01","Flax, raw or retted","1991","1991","ha","860596","A","Official figure",""
"QCL","Crops and livestock products","001","World","5510","Production","01929.01","Flax, raw or retted","1991","1991","t","980724.4","A","Official figure",""
"QCL","Crops and livestock products","001","World","5312","Area harvested","01929.01","Flax, raw or retted","1992","1992","ha","808186","A","Official figure",""
"QCL","Crops and livestock products","001","World","5510","Production","01929.01","Flax, raw or retted","1992","1992","t","744932.45","A","Official figure",""
"QCL","Crops and livestock products","001","World","5312","Area harvested","01929.01","Flax, raw or retted","1993","1993","ha","649299","A","Official figure",""
"QCL","Crops and livestock products","001","World","5510","Production","01929.01","Flax, raw or retted","1993","1993","t","693579","A","Official figure",""
"QCL","Crops and livestock products","001","World","5312","Area harvested","01929.01","Flax, raw or retted","1994","1994","ha","528952","A","Official figure",""
"QCL","Crops and livestock products","001","World","5510","Production","01929.01","Flax, raw or retted","1994","1994","t","842507.77","A","Official figure",""
"QCL","Crops and livestock products","001","World","5312","Area harvested","01929.01","Flax, raw or retted","1995","1995","ha","625666","A","Official figure",""
"QCL","Crops and livestock products","001","World","5510","Production","01929.01","Flax, raw or retted","1995","1995","t","1004890.9","A","Official figure",""
"QCL","Crops and livestock products","001","World","5312","Area harvested","01929.01","Flax, raw or retted","1996","1996","ha","544708","A","Official figure",""
"QCL","Crops and livestock products","001","World","5510","Production","01929.01","Flax, raw or retted","1996","1996","t","817955.91","A","Official figure",""
"QCL","Crops and livestock products","001","World","5312","Area harvested","01929.01","Flax, raw or retted","1997","1997","ha","449070","A","Official figure",""
"QCL","Crops and livestock products","001","World","5510","Production","01929.01","Flax, raw or retted","1997","1997","t","675777.2","A","Official figure",""
"QCL","Crops and livestock products","001","World","5312","Area harvested","01929.01","Flax, raw or retted","1998","1998","ha","455623","A","Official figure",""
"QCL","Crops and livestock products","001","World","5510","Production","01929.01","Flax, raw or retted","1998","1998","t","642145.04","A","Official figure",""
"QCL","Crops and livestock products","001","World","5312","Area harvested","01929.01","Flax, raw or retted","1999","1999","ha","474833","A","Official figure",""
"QCL","Crops and livestock products","001","World","5510","Production","01929.01","Flax, raw or retted","1999","1999","t","767118.97","A","Official figure",""
"QCL","Crops and livestock products","001","World","5312","Area harvested","01929.01","Flax, raw or retted","2000","2000","ha","446927","A","Official figure",""
"QCL","Crops and livestock products","001","World","5510","Production","01929.01","Flax, raw or retted","2000","2000","t","823702.69","A","Official figure",""
"QCL","Crops and livestock products","001","World","5312","Area harvested","01929.01","Flax, raw or retted","2001","2001","ha","513234","A","Official figure",""
"QCL","Crops and livestock products","001","World","5510","Production","01929.01","Flax, raw or retted","2001","2001","t","840715.21","A","Official figure",""
"QCL","Crops and livestock products","001","World","5312","Area harvested","01929.01","Flax, raw or retted","2002","2002","ha","457944","A","Official figure",""
"QCL","Crops and livestock products","001","World","5510","Production","01929.01","Flax, raw or retted","2002","2002","t","1208092.1","A","Official figure",""
"QCL","Crops and livestock products","001","World","5312","Area harvested","01929.01","Flax, raw or retted","2003","2003","ha","488495","A","Official figure",""
"QCL","Crops and livestock products","001","World","5510","Production","01929.01","Flax, raw or retted","2003","2003","t","1222403.09","A","Official figure",""
"QCL","Crops and livestock products","001","World","5312","Area harvested","01929.01","Flax, raw or retted","2004","2004","ha","518532","A","Official figure",""
"QCL","Crops and livestock products","001","World","5510","Production","01929.01","Flax, raw or retted","2004","2004","t","1460236.18","A","Official figure",""
"QCL","Crops and livestock products","001","World","5312","Area harvested","01929.01","Flax, raw or retted","2005","2005","ha","494209","A","Official figure",""
"QCL","Crops and livestock products","001","World","5510","Production","01929.01","Flax, raw or retted","2005","2005","t","1508920.81","A","Official figure",""
"QCL","Crops and livestock products","001","World","5312","Area harvested","01929.01","Flax, raw or retted","2006","2006","ha","356169","A","Official figure",""
"QCL","Crops and livestock products","001","World","5510","Production","01929.01","Flax, raw or retted","2006","2006","t","1108723.3","A","Official figure",""
"QCL","Crops and livestock products","001","World","5312","Area harvested","01929.01","Flax, raw or retted","2007","2007","ha","336928","A","Official figure",""
"QCL","Crops and livestock products","001","World","5510","Production","01929.01","Flax, raw or retted","2007","2007","t","908006.3","A","Official figure",""
"QCL","Crops and livestock products","001","World","5312","Area harvested","01929.01","Flax, raw or retted","2008","2008","ha","323806","A","Official figure",""
"QCL","Crops and livestock products","001","World","5510","Production","01929.01","Flax, raw or retted","2008","2008","t","977827.36","A","Official figure",""
"QCL","Crops and livestock products","001","World","5312","Area harvested","01929.01","Flax, raw or retted","2009","2009","ha","249838","A","Official figure",""
"QCL","Crops and livestock products","001","World","5510","Production","01929.01","Flax, raw or retted","2009","2009","t","661279.68","A","Official figure",""
"QCL","Crops and livestock products","001","World","5312","Area harvested","01929.01","Flax, raw or retted","2010","2010","ha","208239","A","Official figure",""
"QCL","Crops and livestock products","001","World","5510","Production","01929.01","Flax, raw or retted","2010","2010","t","602537.66","A","Official figure",""
"QCL","Crops and livestock products","001","World","5312","Area harvested","01929.01","Flax, raw or retted","2011","2011","ha","219053","A","Official figure",""
"QCL","Crops and livestock products","001","World","5510","Production","01929.01","Flax, raw or retted","2011","2011","t","485173.71","A","Official figure",""
"QCL","Crops and livestock products","001","World","5312","Area harvested","01929.01","Flax, raw or retted","2012","2012","ha","223116","A","Official figure",""
"QCL","Crops and livestock products","001","World","5510","Production","01929.01","Flax, raw or retted","2012","2012","t","715719.07","A","Official figure",""
"QCL","Crops and livestock products","001","World","5312","Area harvested","01929.01","Flax, raw or retted","2013","2013","ha","205302","A","Official figure",""
"QCL","Crops and livestock products","001","World","5510","Production","01929.01","Flax, raw or retted","2013","2013","t","678200.59","A","Official figure",""
"QCL","Crops and livestock products","001","World","5312","Area harvested","01929.01","Flax, raw or retted","2014","2014","ha","203381","A","Official figure",""
"QCL","Crops and livestock products","001","World","5510","Production","01929.01","Flax, raw or retted","2014","2014","t","765529.42","A","Official figure",""
"QCL","Crops and livestock products","001","World","5312","Area harvested","01929.01","Flax, raw or retted","2015","2015","ha","214756","A","Official figure",""
"QCL","Crops and livestock products","001","World","5510","Production","01929.01","Flax, raw or retted","2015","2015","t","749836.99","A","Official figure",""
"QCL","Crops and livestock products","001","World","5312","Area harvested","01929.01","Flax, raw or retted","2016","2016","ha","224354","A","Official figure",""
"QCL","Crops and livestock products","001","World","5510","Production","01929.01","Flax, raw or retted","2016","2016","t","831594.89","A","Official figure",""
"QCL","Crops and livestock products","001","World","5312","Area harvested","01929.01","Flax, raw or retted","2017","2017","ha","234822","A","Official figure",""
"QCL","Crops and livestock products","001","World","5510","Production","01929.01","Flax, raw or retted","2017","2017","t","800991.16","A","Official figure",""
"QCL","Crops and livestock products","001","World","5312","Area harvested","01929.01","Flax, raw or retted","2018","2018","ha","240212","A","Official figure",""
"QCL","Crops and livestock products","001","World","5510","Production","01929.01","Flax, raw or retted","2018","2018","t","864617.97","A","Official figure",""
"QCL","Crops and livestock products","001","World","5312","Area harvested","01929.01","Flax, raw or retted","2019","2019","ha","263826","A","Official figure",""
"QCL","Crops and livestock products","001","World","5510","Production","01929.01","Flax, raw or retted","2019","2019","t","1091186.57","A","Official figure",""
"QCL","Crops and livestock products","001","World","5312","Area harvested","01929.01","Flax, raw or retted","2020","2020","ha","285109","A","Official figure",""
"QCL","Crops and livestock products","001","World","5510","Production","01929.01","Flax, raw or retted","2020","2020","t","971242.9","A","Official figure",""
"QCL","Crops and livestock products","001","World","5312","Area harvested","01929.01","Flax, raw or retted","2021","2021","ha","240861","A","Official figure",""
"QCL","Crops and livestock products","001","World","5510","Production","01929.01","Flax, raw or retted","2021","2021","t","897882.04","A","Official figure",""
"QCL","Crops and livestock products","001","World","5312","Area harvested","01929.01","Flax, raw or retted","2022","2022","ha","256741","A","Official figure",""
"QCL","Crops and livestock products","001","World","5510","Production","01929.01","Flax, raw or retted","2022","2022","t","875994.92","A","Official figure",""
"QCL","Crops and livestock products","001","World","5312","Area harvested","01929.01","Flax, raw or retted","2023","2023","ha","249984","E","Estimated value",""
"QCL","Crops and livestock products","001","World","5510","Production","01929.01","Flax, raw or retted","2023","2023","t","708536","A","Official figure",""
"QCL","Crops and livestock products","001","World","5312","Area harvested","01929.01","Flax, raw or retted","2024","2024","ha","281974","E","Estimated value",""
"QCL","Crops and livestock products","001","World","5510","Production","01929.01","Flax, raw or retted","2024","2024","t","1293266","A","Official figure",""
"QCL","Crops and livestock products","001","World","5312","Area harvested","0116","Rye","1961","1961","ha","30254816","A","Official figure",""
"QCL","Crops and livestock products","001","World","5412","Yield","0116","Rye","1961","1961","kg/ha","1160.5","A","Official figure",""
"QCL","Crops and livestock products","001","World","5510","Production","0116","Rye","1961","1961","t","35109990","A","Official figure",""
"QCL","Crops and livestock products","001","World","5312","Area harvested","0116","Rye","1962","1962","ha","30339487","A","Official figure",""
"QCL","Crops and livestock products","001","World","5412","Yield","0116","Rye","1962","1962","kg/ha","1147.8","A","Official figure",""
"QCL","Crops and livestock products","001","World","5510","Production","0116","Rye","1962","1962","t","34824359","A","Official figure",""
"QCL","Crops and livestock products","001","World","5312","Area harvested","0116","Rye","1963","1963","ha","27853082","A","Official figure",""
"QCL","Crops and livestock products","001","World","5412","Yield","0116","Rye","1963","1963","kg/ha","1094.5","A","Official figure",""
"QCL","Crops and livestock products","001","World","5510","Production","0116","Rye","1963","1963","t","30485497","A","Official figure",""
"QCL","Crops and livestock products","001","World","5312","Area harvested","0116","Rye","1964","1964","ha","29649950","A","Official figure",""
"QCL","Crops and livestock products","001","World","5412","Yield","0116","Rye","1964","1964","kg/ha","1101.8","A","Official figure",""
"QCL","Crops and livestock products","001","World","5510","Production","0116","Rye","1964","1964","t","32668314","A","Official figure",""
"QCL","Crops and livestock products","001","World","5312","Area harvested","0116","Rye","1965","1965","ha","28431055","A","Official figure",""
"QCL","Crops and livestock products","001","World","5412","Yield","0116","Rye","1965","1965","kg/ha","1243.8","A","Official figure",""
"QCL","Crops and livestock products","001","World","5510","Production","0116","Rye","1965","1965","t","35362831","A","Official figure",""
"QCL","Crops and livestock products","001","World","5312","Area harvested","0116","Rye","1966","1966","ha","25530236","A","Official figure",""
"QCL","Crops and livestock products","001","World","5412","Yield","0116","Rye","1966","1966","kg/ha","1206.7","A","Official figure",""
"QCL","Crops and livestock products","001","World","5510","Production","0116","Rye","1966","1966","t","30807849","A","Official figure",""
"QCL","Crops and livestock products","001","World","5312","Area harvested","0116","Rye","1967","1967","ha","24027776","A","Official figure",""
"QCL","Crops and livestock products","001","World","5412","Yield","0116","Rye","1967","1967","kg/ha","1308.6","A","Official figure",""
"QCL","Crops and livestock products","001","World","5510","Production","0116","Rye","1967","1967","t","31443409","A","Official figure",""
"QCL","Crops and livestock products","001","World","5312","Area harvested","0116","Rye","1968","1968","ha","23497642","A","Official figure",""
"QCL","Crops and livestock products","001","World","5412","Yield","0116","Rye","1968","1968","kg/ha","1405.5","A","Official figure",""
"QCL","Crops and livestock products","001","World","5510","Production","0116","Rye","1968","1968","t","33025601","A","Official figure",""
"QCL","Crops and livestock products","001","World","5312","Area harvested","0116","Rye","1969","1969","ha","20409042","A","Official figure",""
"QCL","Crops and livestock products","001","World","5412","Yield","0116","Rye","1969","1969","kg/ha","1441.9","A","Official figure",""
"QCL","Crops and livestock products","001","World","5510","Production","0116","Rye","1969","1969","t","29428813","A","Official figure",""
"QCL","Crops and livestock products","001","World","5312","Area harvested","0116","Rye","1970","1970","ha","20027473","A","Official figure",""
"QCL","Crops and livestock products","001","World","5412","Yield","0116","Rye","1970","1970","kg/ha","1382","A","Official figure",""
"QCL","Crops and livestock products","001","World","5510","Production","0116","Rye","1970","1970","t","27677728","A","Official figure",""
"QCL","Crops and livestock products","001","World","5312","Area harvested","0116","Rye","1971","1971","ha","19988092","A","Official figure",""
"QCL","Crops and livestock products","001","World","5412","Yield","0116","Rye","1971","1971","kg/ha","1585.7","A","Official figure",""
"QCL","Crops and livestock products","001","World","5510","Production","0116","Rye","1971","1971","t","31694353","A","Official figure",""
"QCL","Crops and livestock products","001","World","5312","Area harvested","0116","Rye","1972","1972","ha","18259475","A","Official figure",""
"QCL","Crops and livestock products","001","World","5412","Yield","0116","Rye","1972","1972","kg/ha","1570.6","A","Official figure",""
"QCL","Crops and livestock products","001","World","5510","Production","0116","Rye","1972","1972","t","28677560","A","Official figure",""
"QCL","Crops and livestock products","001","World","5312","Area harvested","0116","Rye","1973","1973","ha","16504262","A","Official figure",""
"QCL","Crops and livestock products","001","World","5412","Yield","0116","Rye","1973","1973","kg/ha","1754.7","A","Official figure",""
"QCL","Crops and livestock products","001","World","5510","Production","0116","Rye","1973","1973","t","28960556","A","Official figure",""
"QCL","Crops and livestock products","001","World","5312","Area harvested","0116","Rye","1974","1974","ha","18690522","A","Official figure",""
"QCL","Crops and livestock products","001","World","5412","Yield","0116","Rye","1974","1974","kg/ha","1740","A","Official figure",""
"QCL","Crops and livestock products","001","World","5510","Production","0116","Rye","1974","1974","t","32520805","A","Official figure",""
"QCL","Crops and livestock products","001","World","5312","Area harvested","0116","Rye","1975","1975","ha","16054541","A","Official figure",""
"QCL","Crops and livestock products","001","World","5412","Yield","0116","Rye","1975","1975","kg/ha","1514","A","Official figure",""
"QCL","Crops and livestock products","001","World","5510","Production","0116","Rye","1975","1975","t","24306881","A","Official figure",""
"QCL","Crops and livestock products","001","World","5312","Area harvested","0116","Rye","1976","1976","ha","17257075","A","Official figure",""
"QCL","Crops and livestock products","001","World","5412","Yield","0116","Rye","1976","1976","kg/ha","1717.5","A","Official figure",""
"QCL","Crops and livestock products","001","World","5510","Production","0116","Rye","1976","1976","t","29638910","A","Official figure",""
"QCL","Crops and livestock products","001","World","5312","Area harvested","0116","Rye","1977","1977","ha","15036635","A","Official figure",""
"QCL","Crops and livestock products","001","World","5412","Yield","0116","Rye","1977","1977","kg/ha","1598.3","A","Official figure",""
"QCL","Crops and livestock products","001","World","5510","Production","0116","Rye","1977","1977","t","24033296","A","Official figure",""
"QCL","Crops and livestock products","001","World","5312","Area harvested","0116","Rye","1978","1978","ha","16139293","A","Official figure",""
"QCL","Crops and livestock products","001","World","5412","Yield","0116","Rye","1978","1978","kg/ha","1916.2","A","Official figure",""
"QCL","Crops and livestock products","001","World","5510","Production","0116","Rye","1978","1978","t","30926595","A","Official figure",""
"QCL","Crops and livestock products","001","World","5312","Area harvested","0116","Rye","1979","1979","ha","14276182","A","Official figure",""
"QCL","Crops and livestock products","001","World","5412","Yield","0116","Rye","1979","1979","kg/ha","1587.3","A","Official figure",""
"QCL","Crops and livestock products","001","World","5510","Production","0116","Rye","1979","1979","t","22660117","A","Official figure",""
"QCL","Crops and livestock products","001","World","5312","Area harvested","0116","Rye","1980","1980","ha","16306553","A","Official figure",""
"QCL","Crops and livestock products","001","World","5412","Yield","0116","Rye","1980","1980","kg/ha","1556.3","A","Official figure",""
"QCL","Crops and livestock products","001","World","5510","Production","0116","Rye","1980","1980","t","25377975","A","Official figure",""
"QCL","Crops and livestock products","001","World","5312","Area harvested","0116","Rye","1981","1981","ha","15149759","A","Official figure",""
"QCL","Crops and livestock products","001","World","5412","Yield","0116","Rye","1981","1981","kg/ha","1640.4","A","Official figure",""
"QCL","Crops and livestock products","001","World","5510","Production","0116","Rye","1981","1981","t","24851692","A","Official figure",""
"QCL","Crops and livestock products","001","World","5312","Area harvested","0116","Rye","1982","1982","ha","17371226","A","Official figure",""
"QCL","Crops and livestock products","001","World","5412","Yield","0116","Rye","1982","1982","kg/ha","1790.8","A","Official figure",""
"QCL","Crops and livestock products","001","World","5510","Production","0116","Rye","1982","1982","t","31108450","A","Official figure",""
"QCL","Crops and livestock products","001","World","5312","Area harvested","0116","Rye","1983","1983","ha","18233978","A","Official figure",""
"QCL","Crops and livestock products","001","World","5412","Yield","0116","Rye","1983","1983","kg/ha","1911.9","A","Official figure",""
"QCL","Crops and livestock products","001","World","5510","Production","0116","Rye","1983","1983","t","34862311","A","Official figure",""
"QCL","Crops and livestock products","001","World","5312","Area harvested","0116","Rye","1984","1984","ha","17328517","A","Official figure",""
"QCL","Crops and livestock products","001","World","5412","Yield","0116","Rye","1984","1984","kg/ha","1952.9","A","Official figure",""
"QCL","Crops and livestock products","001","World","5510","Production","0116","Rye","1984","1984","t","33841313","A","Official figure",""
"QCL","Crops and livestock products","001","World","5312","Area harvested","0116","Rye","1985","1985","ha","16617373","A","Official figure",""
"QCL","Crops and livestock products","001","World","5412","Yield","0116","Rye","1985","1985","kg/ha","1928.4","A","Official figure",""
"QCL","Crops and livestock products","001","World","5510","Production","0116","Rye","1985","1985","t","32045448","A","Official figure",""
"QCL","Crops and livestock products","001","World","5312","Area harvested","0116","Rye","1986","1986","ha","15370785","A","Official figure",""
"QCL","Crops and livestock products","001","World","5412","Yield","0116","Rye","1986","1986","kg/ha","1978.7","A","Official figure",""
"QCL","Crops and livestock products","001","World","5510","Production","0116","Rye","1986","1986","t","30414111","A","Official figure",""
"QCL","Crops and livestock products","001","World","5312","Area harvested","0116","Rye","1987","1987","ha","16387997","A","Official figure",""
"QCL","Crops and livestock products","001","World","5412","Yield","0116","Rye","1987","1987","kg/ha","1983.9","A","Official figure",""
"QCL","Crops and livestock products","001","World","5510","Production","0116","Rye","1987","1987","t","32511687","A","Official figure",""
"QCL","Crops and livestock products","001","World","5312","Area harvested","0116","Rye","1988","1988","ha","16214100","A","Official figure",""
"QCL","Crops and livestock products","001","World","5412","Yield","0116","Rye","1988","1988","kg/ha","1914.2","A","Official figure",""
"QCL","Crops and livestock products","001","World","5510","Production","0116","Rye","1988","1988","t","31036858","A","Official figure",""
"QCL","Crops and livestock products","001","World","5312","Area harvested","0116","Rye","1989","1989","ha","17141732","A","Official figure",""
"QCL","Crops and livestock products","001","World","5412","Yield","0116","Rye","1989","1989","kg/ha","2022.7","A","Official figure",""
"QCL","Crops and livestock products","001","World","5510","Production","0116","Rye","1989","1989","t","34672561","A","Official figure",""
"QCL","Crops and livestock products","001","World","5312","Area harvested","0116","Rye","1990","1990","ha","16815856","A","Official figure",""
"QCL","Crops and livestock products","001","World","5412","Yield","0116","Rye","1990","1990","kg/ha","2271.3","A","Official figure",""
"QCL","Crops and livestock products","001","World","5510","Production","0116","Rye","1990","1990","t","38193583","A","Official figure",""
"QCL","Crops and livestock products","001","World","5312","Area harvested","0116","Rye","1991","1991","ha","14272461","A","Official figure",""
"QCL","Crops and livestock products","001","World","5412","Yield","0116","Rye","1991","1991","kg/ha","2033.9","A","Official figure",""
"QCL","Crops and livestock products","001","World","5510","Production","0116","Rye","1991","1991","t","29029385.1","A","Official figure",""
"QCL","Crops and livestock products","001","World","5312","Area harvested","0116","Rye","1992","1992","ha","15171053","A","Official figure",""
"QCL","Crops and livestock products","001","World","5412","Yield","0116","Rye","1992","1992","kg/ha","2010.6","A","Official figure",""
"QCL","Crops and livestock products","001","World","5510","Production","0116","Rye","1992","1992","t","30502820.92","A","Official figure",""
"QCL","Crops and livestock products","001","World","5312","Area harvested","0116","Rye","1993","1993","ha","13693149","A","Official figure",""
"QCL","Crops and livestock products","001","World","5412","Yield","0116","Rye","1993","1993","kg/ha","2003.8","A","Official figure",""
"QCL","Crops and livestock products","001","World","5510","Production","0116","Rye","1993","1993","t","27438854.44","A","Official figure",""
"QCL","Crops and livestock products","001","World","5312","Area harvested","0116","Rye","1994","1994","ha","11194693","A","Official figure",""
"QCL","Crops and livestock products","001","World","5412","Yield","0116","Rye","1994","1994","kg/ha","2044.5","A","Official figure",""
"QCL","Crops and livestock products","001","World","5510","Production","0116","Rye","1994","1994","t","22887956.02","A","Official figure",""
"QCL","Crops and livestock products","001","World","5312","Area harvested","0116","Rye","1995","1995","ha","10754832","A","Official figure",""
"QCL","Crops and livestock products","001","World","5412","Yield","0116","Rye","1995","1995","kg/ha","2159.3","A","Official figure",""
"QCL","Crops and livestock products","001","World","5510","Production","0116","Rye","1995","1995","t","23222644.62","A","Official figure",""
"QCL","Crops and livestock products","001","World","5312","Area harvested","0116","Rye","1996","1996","ha","11157711","A","Official figure",""
"QCL","Crops and livestock products","001","World","5412","Yield","0116","Rye","1996","1996","kg/ha","2068","A","Official figure",""
"QCL","Crops and livestock products","001","World","5510","Production","0116","Rye","1996","1996","t","23073797.08","A","Official figure",""
"QCL","Crops and livestock products","001","World","5312","Area harvested","0116","Rye","1997","1997","ha","10992110","A","Official figure",""
"QCL","Crops and livestock products","001","World","5412","Yield","0116","Rye","1997","1997","kg/ha","2301","A","Official figure",""
"QCL","Crops and livestock products","001","World","5510","Production","0116","Rye","1997","1997","t","25293021.96","A","Official figure",""
"QCL","Crops and livestock products","001","World","5312","Area harvested","0116","Rye","1998","1998","ha","10288758","A","Official figure",""
"QCL","Crops and livestock products","001","World","5412","Yield","0116","Rye","1998","1998","kg/ha","2052.1","A","Official figure",""
"QCL","Crops and livestock products","001","World","5510","Production","0116","Rye","1998","1998","t","21113412.35","A","Official figure",""
"QCL","Crops and livestock products","001","World","5312","Area harvested","0116","Rye","1999","1999","ha","9455865","A","Official figure",""
"QCL","Crops and livestock products","001","World","5412","Yield","0116","Rye","1999","1999","kg/ha","2131.9","A","Official figure",""
"QCL","Crops and livestock products","001","World","5510","Production","0116","Rye","1999","1999","t","20158771.36","A","Official figure",""
"QCL","Crops and livestock products","001","World","5312","Area harvested","0116","Rye","2000","2000","ha","9830646","A","Official figure",""
"QCL","Crops and livestock products","001","World","5412","Yield","0116","Rye","2000","2000","kg/ha","2045.4","A","Official figure",""
"QCL","Crops and livestock products","001","World","5510","Production","0116","Rye","2000","2000","t","20107761.76","A","Official figure",""
"QCL","Crops and livestock products","001","World","5312","Area harvested","0116","Rye","2001","2001","ha","9905613","A","Official figure",""
"QCL","Crops and livestock products","001","World","5412","Yield","0116","Rye","2001","2001","kg/ha","2360.5","A","Official figure",""
"QCL","Crops and livestock products","001","World","5510","Production","0116","Rye","2001","2001","t","23382393.83","A","Official figure",""
"QCL","Crops and livestock products","001","World","5312","Area harvested","0116","Rye","2002","2002","ha","9102565","A","Official figure",""
"QCL","Crops and livestock products","001","World","5412","Yield","0116","Rye","2002","2002","kg/ha","2299.7","A","Official figure",""
"QCL","Crops and livestock products","001","World","5510","Production","0116","Rye","2002","2002","t","20933223.49","A","Official figure",""
"QCL","Crops and livestock products","001","World","5312","Area harvested","0116","Rye","2003","2003","ha","6712151","A","Official figure",""
"QCL","Crops and livestock products","001","World","5412","Yield","0116","Rye","2003","2003","kg/ha","2182.3","A","Official figure",""
"QCL","Crops and livestock products","001","World","5510","Production","0116","Rye","2003","2003","t","14648005.41","A","Official figure",""
"QCL","Crops and livestock products","001","World","5312","Area harvested","0116","Rye","2004","2004","ha","6836136","A","Official figure",""
"QCL","Crops and livestock products","001","World","5412","Yield","0116","Rye","2004","2004","kg/ha","2579.3","A","Official figure",""
"QCL","Crops and livestock products","001","World","5510","Production","0116","Rye","2004","2004","t","17632389.8","A","Official figure",""
"QCL","Crops and livestock products","001","World","5312","Area harvested","0116","Rye","2005","2005","ha","6838653","A","Official figure",""
"QCL","Crops and livestock products","001","World","5412","Yield","0116","Rye","2005","2005","kg/ha","2225.3","A","Official figure",""
"QCL","Crops and livestock products","001","World","5510","Production","0116","Rye","2005","2005","t","15218033.74","A","Official figure",""
"QCL","Crops and livestock products","001","World","5312","Area harvested","0116","Rye","2006","2006","ha","5835590","A","Official figure",""
"QCL","Crops and livestock products","001","World","5412","Yield","0116","Rye","2006","2006","kg/ha","2170.5","A","Official figure",""
"QCL","Crops and livestock products","001","World","5510","Production","0116","Rye","2006","2006","t","12666200.96","A","Official figure",""
"QCL","Crops and livestock products","001","World","5312","Area harvested","0116","Rye","2007","2007","ha","6390578","A","Official figure",""
"QCL","Crops and livestock products","001","World","5412","Yield","0116","Rye","2007","2007","kg/ha","2365.1","A","Official figure",""
"QCL","Crops and livestock products","001","World","5510","Production","0116","Rye","2007","2007","t","15114239.85","A","Official figure",""
"QCL","Crops and livestock products","001","World","5312","Area harvested","0116","Rye","2008","2008","ha","6750076","A","Official figure",""
"QCL","Crops and livestock products","001","World","5412","Yield","0116","Rye","2008","2008","kg/ha","2685.4","A","Official figure",""
"QCL","Crops and livestock products","001","World","5510","Production","0116","Rye","2008","2008","t","18126818.15","A","Official figure",""
"QCL","Crops and livestock products","001","World","5312","Area harvested","0116","Rye","2009","2009","ha","6604080","A","Official figure",""
"QCL","Crops and livestock products","001","World","5412","Yield","0116","Rye","2009","2009","kg/ha","2760","A","Official figure",""
"QCL","Crops and livestock products","001","World","5510","Production","0116","Rye","2009","2009","t","18227511.99","A","Official figure",""
"QCL","Crops and livestock products","001","World","5312","Area harvested","0116","Rye","2010","2010","ha","5021433","A","Official figure",""
"QCL","Crops and livestock products","001","World","5412","Yield","0116","Rye","2010","2010","kg/ha","2373","A","Official figure",""
"QCL","Crops and livestock products","001","World","5510","Production","0116","Rye","2010","2010","t","11916085.34","A","Official figure",""
"QCL","Crops and livestock products","001","World","5312","Area harvested","0116","Rye","2011","2011","ha","5133310","A","Official figure",""
"QCL","Crops and livestock products","001","World","5412","Yield","0116","Rye","2011","2011","kg/ha","2553.1","A","Official figure",""
"QCL","Crops and livestock products","001","World","5510","Production","0116","Rye","2011","2011","t","13105773.14","A","Official figure",""
"QCL","Crops and livestock products","001","World","5312","Area harvested","0116","Rye","2012","2012","ha","5274951","A","Official figure",""
"QCL","Crops and livestock products","001","World","5412","Yield","0116","Rye","2012","2012","kg/ha","2748.8","A","Official figure",""
"QCL","Crops and livestock products","001","World","5510","Production","0116","Rye","2012","2012","t","14499757.77","A","Official figure",""
"QCL","Crops and livestock products","001","World","5312","Area harvested","0116","Rye","2013","2013","ha","5816344","A","Official figure",""
"QCL","Crops and livestock products","001","World","5412","Yield","0116","Rye","2013","2013","kg/ha","2940.3","A","Official figure",""
"QCL","Crops and livestock products","001","World","5510","Production","0116","Rye","2013","2013","t","17101813.85","A","Official figure",""
"QCL","Crops and livestock products","001","World","5312","Area harvested","0116","Rye","2014","2014","ha","5331090","A","Official figure",""
"QCL","Crops and livestock products","001","World","5412","Yield","0116","Rye","2014","2014","kg/ha","2927.6","A","Official figure",""
"QCL","Crops and livestock products","001","World","5510","Production","0116","Rye","2014","2014","t","15607186.42","A","Official figure",""
"QCL","Crops and livestock products","001","World","5312","Area harvested","0116","Rye","2015","2015","ha","4461270","A","Official figure",""
"QCL","Crops and livestock products","001","World","5412","Yield","0116","Rye","2015","2015","kg/ha","2924.4","A","Official figure",""
"QCL","Crops and livestock products","001","World","5510","Production","0116","Rye","2015","2015","t","13046413.41","A","Official figure",""
"QCL","Crops and livestock products","001","World","5312","Area harvested","0116","Rye","2016","2016","ha","4438685","A","Official figure",""
"QCL","Crops and livestock products","001","World","5412","Yield","0116","Rye","2016","2016","kg/ha","2969.5","A","Official figure",""
"QCL","Crops and livestock products","001","World","5510","Production","0116","Rye","2016","2016","t","13180463.73","A","Official figure",""
"QCL","Crops and livestock products","001","World","5312","Area harvested","0116","Rye","2017","2017","ha","4355308","A","Official figure",""
"QCL","Crops and livestock products","001","World","5412","Yield","0116","Rye","2017","2017","kg/ha","3048.6","A","Official figure",""
"QCL","Crops and livestock products","001","World","5510","Production","0116","Rye","2017","2017","t","13277399.77","A","Official figure",""
"QCL","Crops and livestock products","001","World","5312","Area harvested","0116","Rye","2018","2018","ha","4019573","A","Official figure",""
"QCL","Crops and livestock products","001","World","5412","Yield","0116","Rye","2018","2018","kg/ha","2667.1","A","Official figure",""
"QCL","Crops and livestock products","001","World","5510","Production","0116","Rye","2018","2018","t","10720677.9","A","Official figure",""
"QCL","Crops and livestock products","001","World","5312","Area harvested","0116","Rye","2019","2019","ha","4377608","A","Official figure",""
"QCL","Crops and livestock products","001","World","5412","Yield","0116","Rye","2019","2019","kg/ha","3060","A","Official figure",""
"QCL","Crops and livestock products","001","World","5510","Production","0116","Rye","2019","2019","t","13395378.36","A","Official figure",""
"QCL","Crops and livestock products","001","World","5312","Area harvested","0116","Rye","2020","2020","ha","4545648","A","Official figure",""
"QCL","Crops and livestock products","001","World","5412","Yield","0116","Rye","2020","2020","kg/ha","3410.8","A","Official figure",""
"QCL","Crops and livestock products","001","World","5510","Production","0116","Rye","2020","2020","t","15504309.26","A","Official figure",""
"QCL","Crops and livestock products","001","World","5312","Area harvested","0116","Rye","2021","2021","ha","4384070","A","Official figure",""
"QCL","Crops and livestock products","001","World","5412","Yield","0116","Rye","2021","2021","kg/ha","3074.8","A","Official figure",""
"QCL","Crops and livestock products","001","World","5510","Production","0116","Rye","2021","2021","t","13480050.67","A","Official figure",""
"QCL","Crops and livestock products","001","World","5312","Area harvested","0116","Rye","2022","2022","ha","4097610","A","Official figure",""
"QCL","Crops and livestock products","001","World","5412","Yield","0116","Rye","2022","2022","kg/ha","3290.5","A","Official figure",""
"QCL","Crops and livestock products","001","World","5510","Production","0116","Rye","2022","2022","t","13483020.09","A","Official figure",""
"QCL","Crops and livestock products","001","World","5312","Area harvested","0116","Rye","2023","2023","ha","3985153","E","Estimated value",""
"QCL","Crops and livestock products","001","World","5412","Yield","0116","Rye","2023","2023","kg/ha","3185.6","E","Estimated value",""
"QCL","Crops and livestock products","001","World","5510","Production","0116","Rye","2023","2023","t","12695185.1","A","Official figure",""
"QCL","Crops and livestock products","001","World","5312","Area harvested","0116","Rye","2024","2024","ha","3660442","E","Estimated value",""
"QCL","Crops and livestock products","001","World","5412","Yield","0116","Rye","2024","2024","kg/ha","3168.6","E","Estimated value",""
"QCL","Crops and livestock products","001","World","5510","Production","0116","Rye","2024","2024","t","11598599.4","A","Official figure",""
"QCL","Crops and livestock products","001","World","5312","Area harvested","0111","Wheat","1961","1961","ha","204209450","A","Official figure",""
"QCL","Crops and livestock products","001","World","5412","Yield","0111","Wheat","1961","1961","kg/ha","1088.9","A","Official figure",""
"QCL","Crops and livestock products","001","World","5510","Production","0111","Wheat","1961","1961","t","222357231","A","Official figure",""
"QCL","Crops and livestock products","001","World","5312","Area harvested","0111","Wheat","1962","1962","ha","207554518","A","Official figure",""
"QCL","Crops and livestock products","001","World","5412","Yield","0111","Wheat","1962","1962","kg/ha","1206","A","Official figure",""
"QCL","Crops and livestock products","001","World","5510","Production","0111","Wheat","1962","1962","t","250319146","A","Official figure",""
"QCL","Crops and livestock products","001","World","5312","Area harvested","0111","Wheat","1963","1963","ha","206130240","A","Official figure",""
"QCL","Crops and livestock products","001","World","5412","Yield","0111","Wheat","1963","1963","kg/ha","1132","A","Official figure",""
"QCL","Crops and livestock products","001","World","5510","Production","0111","Wheat","1963","1963","t","233339473","A","Official figure",""
"QCL","Crops and livestock products","001","World","5312","Area harvested","0111","Wheat","1964","1964","ha","216539177","A","Official figure",""
"QCL","Crops and livestock products","001","World","5412","Yield","0111","Wheat","1964","1964","kg/ha","1241.3","A","Official figure",""
"QCL","Crops and livestock products","001","World","5510","Production","0111","Wheat","1964","1964","t","268791657","A","Official figure",""
"QCL","Crops and livestock products","001","World","5312","Area harvested","0111","Wheat","1965","1965","ha","216979762","A","Official figure",""
"QCL","Crops and livestock products","001","World","5412","Yield","0111","Wheat","1965","1965","kg/ha","1215.1","A","Official figure",""
"QCL","Crops and livestock products","001","World","5510","Production","0111","Wheat","1965","1965","t","263645963","A","Official figure",""
"QCL","Crops and livestock products","001","World","5312","Area harvested","0111","Wheat","1966","1966","ha","215766959","A","Official figure",""
"QCL","Crops and livestock products","001","World","5412","Yield","0111","Wheat","1966","1966","kg/ha","1407.9","A","Official figure",""
"QCL","Crops and livestock products","001","World","5510","Production","0111","Wheat","1966","1966","t","303785460","A","Official figure",""
"QCL","Crops and livestock products","001","World","5312","Area harvested","0111","Wheat","1967","1967","ha","219749378","A","Official figure",""
"QCL","Crops and livestock products","001","World","5412","Yield","0111","Wheat","1967","1967","kg/ha","1339.2","A","Official figure",""
"QCL","Crops and livestock products","001","World","5510","Production","0111","Wheat","1967","1967","t","294295876","A","Official figure",""
"QCL","Crops and livestock products","001","World","5312","Area harvested","0111","Wheat","1968","1968","ha","224875053","A","Official figure",""
"QCL","Crops and livestock products","001","World","5412","Yield","0111","Wheat","1968","1968","kg/ha","1453.4","A","Official figure",""
"QCL","Crops and livestock products","001","World","5510","Production","0111","Wheat","1968","1968","t","326843941","A","Official figure",""
"QCL","Crops and livestock products","001","World","5312","Area harvested","0111","Wheat","1969","1969","ha","217750101","A","Official figure",""
"QCL","Crops and livestock products","001","World","5412","Yield","0111","Wheat","1969","1969","kg/ha","1417.4","A","Official figure",""
"QCL","Crops and livestock products","001","World","5510","Production","0111","Wheat","1969","1969","t","308640283","A","Official figure",""
"QCL","Crops and livestock products","001","World","5312","Area harvested","0111","Wheat","1970","1970","ha","207979029","A","Official figure",""
"QCL","Crops and livestock products","001","World","5412","Yield","0111","Wheat","1970","1970","kg/ha","1494.1","A","Official figure",""
"QCL","Crops and livestock products","001","World","5510","Production","0111","Wheat","1970","1970","t","310740954","A","Official figure",""
"QCL","Crops and livestock products","001","World","5312","Area harvested","0111","Wheat","1971","1971","ha","213924167","A","Official figure",""
"QCL","Crops and livestock products","001","World","5412","Yield","0111","Wheat","1971","1971","kg/ha","1624.5","A","Official figure",""
"QCL","Crops and livestock products","001","World","5510","Production","0111","Wheat","1971","1971","t","347525581","A","Official figure",""
"QCL","Crops and livestock products","001","World","5312","Area harvested","0111","Wheat","1972","1972","ha","213762072","A","Official figure",""
"QCL","Crops and livestock products","001","World","5412","Yield","0111","Wheat","1972","1972","kg/ha","1604.6","A","Official figure",""
"QCL","Crops and livestock products","001","World","5510","Production","0111","Wheat","1972","1972","t","343001429","A","Official figure",""
"QCL","Crops and livestock products","001","World","5312","Area harvested","0111","Wheat","1973","1973","ha","219374913","A","Official figure",""
"QCL","Crops and livestock products","001","World","5412","Yield","0111","Wheat","1973","1973","kg/ha","1683.6","A","Official figure",""
"QCL","Crops and livestock products","001","World","5510","Production","0111","Wheat","1973","1973","t","369334126","A","Official figure",""
"QCL","Crops and livestock products","001","World","5312","Area harvested","0111","Wheat","1974","1974","ha","222117967","A","Official figure",""
"QCL","Crops and livestock products","001","World","5412","Yield","0111","Wheat","1974","1974","kg/ha","1615.5","A","Official figure",""
"QCL","Crops and livestock products","001","World","5510","Production","0111","Wheat","1974","1974","t","358825442","A","Official figure",""
"QCL","Crops and livestock products","001","World","5312","Area harvested","0111","Wheat","1975","1975","ha","226617018","A","Official figure",""
"QCL","Crops and livestock products","001","World","5412","Yield","0111","Wheat","1975","1975","kg/ha","1570.1","A","Official figure",""
"QCL","Crops and livestock products","001","World","5510","Production","0111","Wheat","1975","1975","t","355806146","A","Official figure",""
"QCL","Crops and livestock products","001","World","5312","Area harvested","0111","Wheat","1976","1976","ha","234418092","A","Official figure",""
"QCL","Crops and livestock products","001","World","5412","Yield","0111","Wheat","1976","1976","kg/ha","1791.1","A","Official figure",""
"QCL","Crops and livestock products","001","World","5510","Production","0111","Wheat","1976","1976","t","419868031","A","Official figure",""
"QCL","Crops and livestock products","001","World","5312","Area harvested","0111","Wheat","1977","1977","ha","228577847","A","Official figure",""
"QCL","Crops and livestock products","001","World","5412","Yield","0111","Wheat","1977","1977","kg/ha","1672.4","A","Official figure",""
"QCL","Crops and livestock products","001","World","5510","Production","0111","Wheat","1977","1977","t","382276677","A","Official figure",""
"QCL","Crops and livestock products","001","World","5312","Area harvested","0111","Wheat","1978","1978","ha","229635073","A","Official figure",""
"QCL","Crops and livestock products","001","World","5412","Yield","0111","Wheat","1978","1978","kg/ha","1932.8","A","Official figure",""
"QCL","Crops and livestock products","001","World","5510","Production","0111","Wheat","1978","1978","t","443844880","A","Official figure",""
"QCL","Crops and livestock products","001","World","5312","Area harvested","0111","Wheat","1979","1979","ha","228381779","A","Official figure",""
"QCL","Crops and livestock products","001","World","5412","Yield","0111","Wheat","1979","1979","kg/ha","1852.2","A","Official figure",""
"QCL","Crops and livestock products","001","World","5510","Production","0111","Wheat","1979","1979","t","422999301","A","Official figure",""
"QCL","Crops and livestock products","001","World","5312","Area harvested","0111","Wheat","1980","1980","ha","237251982","A","Official figure",""
"QCL","Crops and livestock products","001","World","5412","Yield","0111","Wheat","1980","1980","kg/ha","1855.4","A","Official figure",""
"QCL","Crops and livestock products","001","World","5510","Production","0111","Wheat","1980","1980","t","440187901","A","Official figure",""
"QCL","Crops and livestock products","001","World","5312","Area harvested","0111","Wheat","1981","1981","ha","239165634","A","Official figure",""
"QCL","Crops and livestock products","001","World","5412","Yield","0111","Wheat","1981","1981","kg/ha","1880","A","Official figure",""
"QCL","Crops and livestock products","001","World","5510","Production","0111","Wheat","1981","1981","t","449633986","A","Official figure",""
"QCL","Crops and livestock products","001","World","5312","Area harvested","0111","Wheat","1982","1982","ha","238480249","A","Official figure",""
"QCL","Crops and livestock products","001","World","5412","Yield","0111","Wheat","1982","1982","kg/ha","1999.2","A","Official figure",""
"QCL","Crops and livestock products","001","World","5510","Production","0111","Wheat","1982","1982","t","476768609","A","Official figure",""
"QCL","Crops and livestock products","001","World","5312","Area harvested","0111","Wheat","1983","1983","ha","230291623","A","Official figure",""
"QCL","Crops and livestock products","001","World","5412","Yield","0111","Wheat","1983","1983","kg/ha","2125.8","A","Official figure",""
"QCL","Crops and livestock products","001","World","5510","Production","0111","Wheat","1983","1983","t","489555281","A","Official figure",""
"QCL","Crops and livestock products","001","World","5312","Area harvested","0111","Wheat","1984","1984","ha","230771567","A","Official figure",""
"QCL","Crops and livestock products","001","World","5412","Yield","0111","Wheat","1984","1984","kg/ha","2220.1","A","Official figure",""
"QCL","Crops and livestock products","001","World","5510","Production","0111","Wheat","1984","1984","t","512330225","A","Official figure",""
"QCL","Crops and livestock products","001","World","5312","Area harvested","0111","Wheat","1985","1985","ha","229999646","A","Official figure",""
"QCL","Crops and livestock products","001","World","5412","Yield","0111","Wheat","1985","1985","kg/ha","2171.9","A","Official figure",""
"QCL","Crops and livestock products","001","World","5510","Production","0111","Wheat","1985","1985","t","499527392","A","Official figure",""
"QCL","Crops and livestock products","001","World","5312","Area harvested","0111","Wheat","1986","1986","ha","227751914","A","Official figure",""
"QCL","Crops and livestock products","001","World","5412","Yield","0111","Wheat","1986","1986","kg/ha","2321.3","A","Official figure",""
"QCL","Crops and livestock products","001","World","5510","Production","0111","Wheat","1986","1986","t","528685222","A","Official figure",""
"QCL","Crops and livestock products","001","World","5312","Area harvested","0111","Wheat","1987","1987","ha","220554829","A","Official figure",""
"QCL","Crops and livestock products","001","World","5412","Yield","0111","Wheat","1987","1987","kg/ha","2290","A","Official figure",""
"QCL","Crops and livestock products","001","World","5510","Production","0111","Wheat","1987","1987","t","505075847","A","Official figure",""
"QCL","Crops and livestock products","001","World","5312","Area harvested","0111","Wheat","1988","1988","ha","218377348","A","Official figure",""
"QCL","Crops and livestock products","001","World","5412","Yield","0111","Wheat","1988","1988","kg/ha","2292.6","A","Official figure",""
"QCL","Crops and livestock products","001","World","5510","Production","0111","Wheat","1988","1988","t","500656538","A","Official figure",""
"QCL","Crops and livestock products","001","World","5312","Area harvested","0111","Wheat","1989","1989","ha","226787295","A","Official figure",""
"QCL","Crops and livestock products","001","World","5412","Yield","0111","Wheat","1989","1989","kg/ha","2373.2","A","Official figure",""
"QCL","Crops and livestock products","001","World","5510","Production","0111","Wheat","1989","1989","t","538206114","A","Official figure",""
"QCL","Crops and livestock products","001","World","5312","Area harvested","0111","Wheat","1990","1990","ha","230752487","A","Official figure",""
"QCL","Crops and livestock products","001","World","5412","Yield","0111","Wheat","1990","1990","kg/ha","2562.6","A","Official figure",""
"QCL","Crops and livestock products","001","World","5510","Production","0111","Wheat","1990","1990","t","591330111","A","Official figure",""
"QCL","Crops and livestock products","001","World","5312","Area harvested","0111","Wheat","1991","1991","ha","222929759","A","Official figure",""
"QCL","Crops and livestock products","001","World","5412","Yield","0111","Wheat","1991","1991","kg/ha","2452.2","A","Official figure",""
"QCL","Crops and livestock products","001","World","5510","Production","0111","Wheat","1991","1991","t","546668130.95","A","Official figure",""
"QCL","Crops and livestock products","001","World","5312","Area harvested","0111","Wheat","1992","1992","ha","222122892","A","Official figure",""
"QCL","Crops and livestock products","001","World","5412","Yield","0111","Wheat","1992","1992","kg/ha","2543.6","A","Official figure",""
"QCL","Crops and livestock products","001","World","5510","Production","0111","Wheat","1992","1992","t","564987847.32","A","Official figure",""
"QCL","Crops and livestock products","001","World","5312","Area harvested","0111","Wheat","1993","1993","ha","222502955","A","Official figure",""
"QCL","Crops and livestock products","001","World","5412","Yield","0111","Wheat","1993","1993","kg/ha","2536.6","A","Official figure",""
"QCL","Crops and livestock products","001","World","5510","Production","0111","Wheat","1993","1993","t","564402165.42","A","Official figure",""
"QCL","Crops and livestock products","001","World","5312","Area harvested","0111","Wheat","1994","1994","ha","215015272","A","Official figure",""
"QCL","Crops and livestock products","001","World","5412","Yield","0111","Wheat","1994","1994","kg/ha","2451","A","Official figure",""
"QCL","Crops and livestock products","001","World","5510","Production","0111","Wheat","1994","1994","t","527005032.66","A","Official figure",""
"QCL","Crops and livestock products","001","World","5312","Area harvested","0111","Wheat","1995","1995","ha","216030248","A","Official figure",""
"QCL","Crops and livestock products","001","World","5412","Yield","0111","Wheat","1995","1995","kg/ha","2510.7","A","Official figure",""
"QCL","Crops and livestock products","001","World","5510","Production","0111","Wheat","1995","1995","t","542396086.58","A","Official figure",""
"QCL","Crops and livestock products","001","World","5312","Area harvested","0111","Wheat","1996","1996","ha","226744581","A","Official figure",""
"QCL","Crops and livestock products","001","World","5412","Yield","0111","Wheat","1996","1996","kg/ha","2576.5","A","Official figure",""
"QCL","Crops and livestock products","001","World","5510","Production","0111","Wheat","1996","1996","t","584210417.52","A","Official figure",""
"QCL","Crops and livestock products","001","World","5312","Area harvested","0111","Wheat","1997","1997","ha","226003705","A","Official figure",""
"QCL","Crops and livestock products","001","World","5412","Yield","0111","Wheat","1997","1997","kg/ha","2713.9","A","Official figure",""
"QCL","Crops and livestock products","001","World","5510","Production","0111","Wheat","1997","1997","t","613345309.96","A","Official figure",""
"QCL","Crops and livestock products","001","World","5312","Area harvested","0111","Wheat","1998","1998","ha","219945126","A","Official figure",""
"QCL","Crops and livestock products","001","World","5412","Yield","0111","Wheat","1998","1998","kg/ha","2695.6","A","Official figure",""
"QCL","Crops and livestock products","001","World","5510","Production","0111","Wheat","1998","1998","t","592888794.96","A","Official figure",""
"QCL","Crops and livestock products","001","World","5312","Area harvested","0111","Wheat","1999","1999","ha","213215527","A","Official figure",""
"QCL","Crops and livestock products","001","World","5412","Yield","0111","Wheat","1999","1999","kg/ha","2755.3","A","Official figure",""
"QCL","Crops and livestock products","001","World","5510","Production","0111","Wheat","1999","1999","t","587465397.7","A","Official figure",""
"QCL","Crops and livestock products","001","World","5312","Area harvested","0111","Wheat","2000","2000","ha","215117197","A","Official figure",""
"QCL","Crops and livestock products","001","World","5412","Yield","0111","Wheat","2000","2000","kg/ha","2721.7","A","Official figure",""
"QCL","Crops and livestock products","001","World","5510","Production","0111","Wheat","2000","2000","t","585479851.85","A","Official figure",""
"QCL","Crops and livestock products","001","World","5312","Area harvested","0111","Wheat","2001","2001","ha","214304242","A","Official figure",""
"QCL","Crops and livestock products","001","World","5412","Yield","0111","Wheat","2001","2001","kg/ha","2751.1","A","Official figure",""
"QCL","Crops and livestock products","001","World","5510","Production","0111","Wheat","2001","2001","t","589579961.28","A","Official figure",""
"QCL","Crops and livestock products","001","World","5312","Area harvested","0111","Wheat","2002","2002","ha","213696974","A","Official figure",""
"QCL","Crops and livestock products","001","World","5412","Yield","0111","Wheat","2002","2002","kg/ha","2689.6","A","Official figure",""
"QCL","Crops and livestock products","001","World","5510","Production","0111","Wheat","2002","2002","t","574751496.69","A","Official figure",""
"QCL","Crops and livestock products","001","World","5312","Area harvested","0111","Wheat","2003","2003","ha","208970813","A","Official figure",""
"QCL","Crops and livestock products","001","World","5412","Yield","0111","Wheat","2003","2003","kg/ha","2718.7","A","Official figure",""
"QCL","Crops and livestock products","001","World","5510","Production","0111","Wheat","2003","2003","t","568138334.24","A","Official figure",""
"QCL","Crops and livestock products","001","World","5312","Area harvested","0111","Wheat","2004","2004","ha","216291584","A","Official figure",""
"QCL","Crops and livestock products","001","World","5412","Yield","0111","Wheat","2004","2004","kg/ha","2920.4","A","Official figure",""
"QCL","Crops and livestock products","001","World","5510","Production","0111","Wheat","2004","2004","t","631654102.86","A","Official figure",""
"QCL","Crops and livestock products","001","World","5312","Area harvested","0111","Wheat","2005","2005","ha","219561452","A","Official figure",""
"QCL","Crops and livestock products","001","World","5412","Yield","0111","Wheat","2005","2005","kg/ha","2854.4","A","Official figure",""
"QCL","Crops and livestock products","001","World","5510","Production","0111","Wheat","2005","2005","t","626720292.28","A","Official figure",""
"QCL","Crops and livestock products","001","World","5312","Area harvested","0111","Wheat","2006","2006","ha","212422091","A","Official figure",""
"QCL","Crops and livestock products","001","World","5412","Yield","0111","Wheat","2006","2006","kg/ha","2833.4","A","Official figure",""
"QCL","Crops and livestock products","001","World","5510","Production","0111","Wheat","2006","2006","t","601878913.71","A","Official figure",""
"QCL","Crops and livestock products","001","World","5312","Area harvested","0111","Wheat","2007","2007","ha","216468618","A","Official figure",""
"QCL","Crops and livestock products","001","World","5412","Yield","0111","Wheat","2007","2007","kg/ha","2823.1","A","Official figure",""
"QCL","Crops and livestock products","001","World","5510","Production","0111","Wheat","2007","2007","t","611107130.34","A","Official figure",""
"QCL","Crops and livestock products","001","World","5312","Area harvested","0111","Wheat","2008","2008","ha","221567416","A","Official figure",""
"QCL","Crops and livestock products","001","World","5412","Yield","0111","Wheat","2008","2008","kg/ha","3069.5","A","Official figure",""
"QCL","Crops and livestock products","001","World","5510","Production","0111","Wheat","2008","2008","t","680105120.51","A","Official figure",""
"QCL","Crops and livestock products","001","World","5312","Area harvested","0111","Wheat","2009","2009","ha","224547995","A","Official figure",""
"QCL","Crops and livestock products","001","World","5412","Yield","0111","Wheat","2009","2009","kg/ha","3049.1","A","Official figure",""
"QCL","Crops and livestock products","001","World","5510","Production","0111","Wheat","2009","2009","t","684659723.98","A","Official figure",""
"QCL","Crops and livestock products","001","World","5312","Area harvested","0111","Wheat","2010","2010","ha","216705030","A","Official figure",""
"QCL","Crops and livestock products","001","World","5412","Yield","0111","Wheat","2010","2010","kg/ha","3016.6","A","Official figure",""
"QCL","Crops and livestock products","001","World","5510","Production","0111","Wheat","2010","2010","t","653707910.63","A","Official figure",""
"QCL","Crops and livestock products","001","World","5312","Area harvested","0111","Wheat","2011","2011","ha","220839223","A","Official figure",""
"QCL","Crops and livestock products","001","World","5412","Yield","0111","Wheat","2011","2011","kg/ha","3160.7","A","Official figure",""
"QCL","Crops and livestock products","001","World","5510","Production","0111","Wheat","2011","2011","t","698000561.61","A","Official figure",""
"QCL","Crops and livestock products","001","World","5312","Area harvested","0111","Wheat","2012","2012","ha","215329221","A","Official figure",""
"QCL","Crops and livestock products","001","World","5412","Yield","0111","Wheat","2012","2012","kg/ha","3065.2","A","Official figure",""
"QCL","Crops and livestock products","001","World","5510","Production","0111","Wheat","2012","2012","t","660022512.14","A","Official figure",""
"QCL","Crops and livestock products","001","World","5312","Area harvested","0111","Wheat","2013","2013","ha","218456131","A","Official figure",""
"QCL","Crops and livestock products","001","World","5412","Yield","0111","Wheat","2013","2013","kg/ha","3266.9","A","Official figure",""
"QCL","Crops and livestock products","001","World","5510","Production","0111","Wheat","2013","2013","t","713672297.86","A","Official figure",""
"QCL","Crops and livestock products","001","World","5312","Area harvested","0111","Wheat","2014","2014","ha","220817307","A","Official figure",""
"QCL","Crops and livestock products","001","World","5412","Yield","0111","Wheat","2014","2014","kg/ha","3314.7","A","Official figure",""
"QCL","Crops and livestock products","001","World","5510","Production","0111","Wheat","2014","2014","t","731940920.8","A","Official figure",""
"QCL","Crops and livestock products","001","World","5312","Area harvested","0111","Wheat","2015","2015","ha","220860229","A","Official figure",""
"QCL","Crops and livestock products","001","World","5412","Yield","0111","Wheat","2015","2015","kg/ha","3340.4","A","Official figure",""
"QCL","Crops and livestock products","001","World","5510","Production","0111","Wheat","2015","2015","t","737763843.19","A","Official figure",""
"QCL","Crops and livestock products","001","World","5312","Area harvested","0111","Wheat","2016","2016","ha","221601845","A","Official figure",""
"QCL","Crops and livestock products","001","World","5412","Yield","0111","Wheat","2016","2016","kg/ha","3452.5","A","Official figure",""
"QCL","Crops and livestock products","001","World","5510","Production","0111","Wheat","2016","2016","t","765075376.91","A","Official figure",""
"QCL","Crops and livestock products","001","World","5312","Area harvested","0111","Wheat","2017","2017","ha","216304908","A","Official figure",""
"QCL","Crops and livestock products","001","World","5412","Yield","0111","Wheat","2017","2017","kg/ha","3523.2","A","Official figure",""
"QCL","Crops and livestock products","001","World","5510","Production","0111","Wheat","2017","2017","t","762082346.51","A","Official figure",""
"QCL","Crops and livestock products","001","World","5312","Area harvested","0111","Wheat","2018","2018","ha","212621803","A","Official figure",""
"QCL","Crops and livestock products","001","World","5412","Yield","0111","Wheat","2018","2018","kg/ha","3436.6","A","Official figure",""
"QCL","Crops and livestock products","001","World","5510","Production","0111","Wheat","2018","2018","t","730694073.2","A","Official figure",""
"QCL","Crops and livestock products","001","World","5312","Area harvested","0111","Wheat","2019","2019","ha","213812618","A","Official figure",""
"QCL","Crops and livestock products","001","World","5412","Yield","0111","Wheat","2019","2019","kg/ha","3557.5","A","Official figure",""
"QCL","Crops and livestock products","001","World","5510","Production","0111","Wheat","2019","2019","t","760643589.04","A","Official figure",""
"QCL","Crops and livestock products","001","World","5312","Area harvested","0111","Wheat","2020","2020","ha","219849949","A","Official figure",""
"QCL","Crops and livestock products","001","World","5412","Yield","0111","Wheat","2020","2020","kg/ha","3528.8","A","Official figure",""
"QCL","Crops and livestock products","001","World","5510","Production","0111","Wheat","2020","2020","t","775796488.7","A","Official figure",""
"QCL","Crops and livestock products","001","World","5312","Area harvested","0111","Wheat","2021","2021","ha","219346931","A","Official figure",""
"QCL","Crops and livestock products","001","World","5412","Yield","0111","Wheat","2021","2021","kg/ha","3570.3","A","Official figure",""
"QCL","Crops and livestock products","001","World","5510","Production","0111","Wheat","2021","2021","t","783124200.41","A","Official figure",""
"QCL","Crops and livestock products","001","World","5312","Area harvested","0111","Wheat","2022","2022","ha","217546825","A","Official figure",""
"QCL","Crops and livestock products","001","World","5412","Yield","0111","Wheat","2022","2022","kg/ha","3714.1","A","Official figure",""
"QCL","Crops and livestock products","001","World","5510","Production","0111","Wheat","2022","2022","t","807987812.25","A","Official figure",""
"QCL","Crops and livestock products","001","World","5312","Area harvested","0111","Wheat","2023","2023","ha","218736996","A","Official figure",""
"QCL","Crops and livestock products","001","World","5412","Yield","0111","Wheat","2023","2023","kg/ha","3632.5","A","Official figure",""
"QCL","Crops and livestock products","001","World","5510","Production","0111","Wheat","2023","2023","t","794567417.02","A","Official figure",""
"QCL","Crops and livestock products","001","World","5312","Area harvested","0111","Wheat","2024","2024","ha","219518805","A","Official figure",""
"QCL","Crops and livestock products","001","World","5412","Yield","0111","Wheat","2024","2024","kg/ha","3637.4","A","Official figure",""
"QCL","Crops and livestock products","001","World","5510","Production","0111","Wheat","2024","2024","t","798481711.07","A","Official figure",""
"QCL","Crops and livestock products","002","Africa","5312","Area harvested","01929.01","Flax, raw or retted","1961","1961","ha","12059","A","Official figure",""
"QCL","Crops and livestock products","002","Africa","5510","Production","01929.01","Flax, raw or retted","1961","1961","t","9617","A","Official figure",""
"QCL","Crops and livestock products","002","Africa","5312","Area harvested","01929.01","Flax, raw or retted","1962","1962","ha","11370","A","Official figure",""
"QCL","Crops and livestock products","002","Africa","5510","Production","01929.01","Flax, raw or retted","1962","1962","t","8990","A","Official figure",""
"QCL","Crops and livestock products","002","Africa","5312","Area harvested","01929.01","Flax, raw or retted","1963","1963","ha","10944","A","Official figure",""
"QCL","Crops and livestock products","002","Africa","5510","Production","01929.01","Flax, raw or retted","1963","1963","t","8611","A","Official figure",""
"QCL","Crops and livestock products","002","Africa","5312","Area harvested","01929.01","Flax, raw or retted","1964","1964","ha","13916","A","Official figure",""
"QCL","Crops and livestock products","002","Africa","5510","Production","01929.01","Flax, raw or retted","1964","1964","t","11110","A","Official figure",""
"QCL","Crops and livestock products","002","Africa","5312","Area harvested","01929.01","Flax, raw or retted","1965","1965","ha","10857","A","Official figure",""
"QCL","Crops and livestock products","002","Africa","5510","Production","01929.01","Flax, raw or retted","1965","1965","t","8128","A","Official figure",""
"QCL","Crops and livestock products","002","Africa","5312","Area harvested","01929.01","Flax, raw or retted","1966","1966","ha","10082","A","Official figure",""
"QCL","Crops and livestock products","002","Africa","5510","Production","01929.01","Flax, raw or retted","1966","1966","t","7560","A","Official figure",""
"QCL","Crops and livestock products","002","Africa","5312","Area harvested","01929.01","Flax, raw or retted","1967","1967","ha","10108","A","Official figure",""
"QCL","Crops and livestock products","002","Africa","5510","Production","01929.01","Flax, raw or retted","1967","1967","t","7582","A","Official figure",""
"QCL","Crops and livestock products","002","Africa","5312","Area harvested","01929.01","Flax, raw or retted","1968","1968","ha","15123","A","Official figure",""
"QCL","Crops and livestock products","002","Africa","5510","Production","01929.01","Flax, raw or retted","1968","1968","t","11620","A","Official figure",""
"QCL","Crops and livestock products","002","Africa","5312","Area harvested","01929.01","Flax, raw or retted","1969","1969","ha","16383","A","Official figure",""
"QCL","Crops and livestock products","002","Africa","5510","Production","01929.01","Flax, raw or retted","1969","1969","t","12000","A","Official figure",""
"QCL","Crops and livestock products","002","Africa","5312","Area harvested","01929.01","Flax, raw or retted","1970","1970","ha","8417","A","Official figure",""
"QCL","Crops and livestock products","002","Africa","5510","Production","01929.01","Flax, raw or retted","1970","1970","t","7280","A","Official figure",""
"QCL","Crops and livestock products","002","Africa","5312","Area harvested","01929.01","Flax, raw or retted","1971","1971","ha","9662","A","Official figure",""
"QCL","Crops and livestock products","002","Africa","5510","Production","01929.01","Flax, raw or retted","1971","1971","t","7700","A","Official figure",""
"QCL","Crops and livestock products","002","Africa","5312","Area harvested","01929.01","Flax, raw or retted","1972","1972","ha","14703","A","Official figure",""
"QCL","Crops and livestock products","002","Africa","5510","Production","01929.01","Flax, raw or retted","1972","1972","t","11900","A","Official figure",""
"QCL","Crops and livestock products","002","Africa","5312","Area harvested","01929.01","Flax, raw or retted","1973","1973","ha","17643","A","Official figure",""
"QCL","Crops and livestock products","002","Africa","5510","Production","01929.01","Flax, raw or retted","1973","1973","t","14000","A","Official figure",""
"QCL","Crops and livestock products","002","Africa","5312","Area harvested","01929.01","Flax, raw or retted","1974","1974","ha","19744","A","Official figure",""
"QCL","Crops and livestock products","002","Africa","5510","Production","01929.01","Flax, raw or retted","1974","1974","t","16100","A","Official figure",""
"QCL","Crops and livestock products","002","Africa","5312","Area harvested","01929.01","Flax, raw or retted","1975","1975","ha","22684","A","Official figure",""
"QCL","Crops and livestock products","002","Africa","5510","Production","01929.01","Flax, raw or retted","1975","1975","t","19460","A","Official figure",""
"QCL","Crops and livestock products","002","Africa","5312","Area harvested","01929.01","Flax, raw or retted","1976","1976","ha","19950","A","Official figure",""
"QCL","Crops and livestock products","002","Africa","5510","Production","01929.01","Flax, raw or retted","1976","1976","t","17402","A","Official figure",""
"QCL","Crops and livestock products","002","Africa","5312","Area harvested","01929.01","Flax, raw or retted","1977","1977","ha","24638","A","Official figure",""
"QCL","Crops and livestock products","002","Africa","5510","Production","01929.01","Flax, raw or retted","1977","1977","t","21823","A","Official figure",""
"QCL","Crops and livestock products","002","Africa","5312","Area harvested","01929.01","Flax, raw or retted","1978","1978","ha","25211","A","Official figure",""
"QCL","Crops and livestock products","002","Africa","5510","Production","01929.01","Flax, raw or retted","1978","1978","t","22700","A","Official figure",""
"QCL","Crops and livestock products","002","Africa","5312","Area harvested","01929.01","Flax, raw or retted","1979","1979","ha","28790","A","Official figure",""
"QCL","Crops and livestock products","002","Africa","5510","Production","01929.01","Flax, raw or retted","1979","1979","t","25400","A","Official figure",""
"QCL","Crops and livestock products","002","Africa","5312","Area harvested","01929.01","Flax, raw or retted","1980","1980","ha","28570","A","Official figure",""
"QCL","Crops and livestock products","002","Africa","5510","Production","01929.01","Flax, raw or retted","1980","1980","t","24920","A","Official figure",""
"QCL","Crops and livestock products","002","Africa","5312","Area harvested","01929.01","Flax, raw or retted","1981","1981","ha","21840","A","Official figure",""
"QCL","Crops and livestock products","002","Africa","5510","Production","01929.01","Flax, raw or retted","1981","1981","t","20300","A","Official figure",""
"QCL","Crops and livestock products","002","Africa","5312","Area harvested","01929.01","Flax, raw or retted","1982","1982","ha","15840","A","Official figure",""
"QCL","Crops and livestock products","002","Africa","5510","Production","01929.01","Flax, raw or retted","1982","1982","t","14840","A","Official figure",""
"QCL","Crops and livestock products","002","Africa","5312","Area harvested","01929.01","Flax, raw or retted","1983","1983","ha","16185","A","Official figure",""
"QCL","Crops and livestock products","002","Africa","5510","Production","01929.01","Flax, raw or retted","1983","1983","t","14500","E","Estimated value",""
"QCL","Crops and livestock products","002","Africa","5312","Area harvested","01929.01","Flax, raw or retted","1984","1984","ha","18400","E","Estimated value",""
"QCL","Crops and livestock products","002","Africa","5510","Production","01929.01","Flax, raw or retted","1984","1984","t","16000","E","Estimated value",""
"QCL","Crops and livestock products","002","Africa","5312","Area harvested","01929.01","Flax, raw or retted","1985","1985","ha","16380","A","Official figure",""
"QCL","Crops and livestock products","002","Africa","5510","Production","01929.01","Flax, raw or retted","1985","1985","t","17000","X","Figure from external organization",""
"QCL","Crops and livestock products","002","Africa","5312","Area harvested","01929.01","Flax, raw or retted","1986","1986","ha","18060","A","Official figure",""
"QCL","Crops and livestock products","002","Africa","5510","Production","01929.01","Flax, raw or retted","1986","1986","t","18000","X","Figure from external organization",""
"QCL","Crops and livestock products","002","Africa","5312","Area harvested","01929.01","Flax, raw or retted","1987","1987","ha","14700","A","Official figure",""
"QCL","Crops and livestock products","002","Africa","5510","Production","01929.01","Flax, raw or retted","1987","1987","t","15000","X","Figure from external organization",""
"QCL","Crops and livestock products","002","Africa","5312","Area harvested","01929.01","Flax, raw or retted","1988","1988","ha","17220","A","Official figure",""
"QCL","Crops and livestock products","002","Africa","5510","Production","01929.01","Flax, raw or retted","1988","1988","t","18000","X","Figure from external organization",""
"QCL","Crops and livestock products","002","Africa","5312","Area harvested","01929.01","Flax, raw or retted","1989","1989","ha","17071","A","Official figure",""
"QCL","Crops and livestock products","002","Africa","5510","Production","01929.01","Flax, raw or retted","1989","1989","t","15875","A","Official figure",""
"QCL","Crops and livestock products","002","Africa","5312","Area harvested","01929.01","Flax, raw or retted","1990","1990","ha","12910","A","Official figure",""
"QCL","Crops and livestock products","002","Africa","5510","Production","01929.01","Flax, raw or retted","1990","1990","t","12025","A","Official figure",""
"QCL","Crops and livestock products","002","Africa","5312","Area harvested","01929.01","Flax, raw or retted","1991","1991","ha","18313","A","Official figure",""
"QCL","Crops and livestock products","002","Africa","5510","Production","01929.01","Flax, raw or retted","1991","1991","t","16685","A","Official figure",""
"QCL","Crops and livestock products","002","Africa","5312","Area harvested","01929.01","Flax, raw or retted","1992","1992","ha","12383","A","Official figure",""
"QCL","Crops and livestock products","002","Africa","5510","Production","01929.01","Flax, raw or retted","1992","1992","t","11320","A","Official figure",""
"QCL","Crops and livestock products","002","Africa","5312","Area harvested","01929.01","Flax, raw or retted","1993","1993","ha","13000","E","Estimated value",""
"QCL","Crops and livestock products","002","Africa","5510","Production","01929.01","Flax, raw or retted","1993","1993","t","12000","E","Estimated value",""
"QCL","Crops and livestock products","002","Africa","5312","Area harvested","01929.01","Flax, raw or retted","1994","1994","ha","12881","E","Estimated value",""
"QCL","Crops and livestock products","002","Africa","5510","Production","01929.01","Flax, raw or retted","1994","1994","t","12000","E","Estimated value",""
"QCL","Crops and livestock products","002","Africa","5312","Area harvested","01929.01","Flax, raw or retted","1995","1995","ha","13168","E","Estimated value",""
"QCL","Crops and livestock products","002","Africa","5510","Production","01929.01","Flax, raw or retted","1995","1995","t","12300","E","Estimated value",""
"QCL","Crops and livestock products","002","Africa","5312","Area harvested","01929.01","Flax, raw or retted","1996","1996","ha","13200","E","Estimated value",""
"QCL","Crops and livestock products","002","Africa","5510","Production","01929.01","Flax, raw or retted","1996","1996","t","12500","E","Estimated value",""
"QCL","Crops and livestock products","002","Africa","5312","Area harvested","01929.01","Flax, raw or retted","1997","1997","ha","13500","E","Estimated value",""
"QCL","Crops and livestock products","002","Africa","5510","Production","01929.01","Flax, raw or retted","1997","1997","t","13000","E","Estimated value",""
"QCL","Crops and livestock products","002","Africa","5312","Area harvested","01929.01","Flax, raw or retted","1998","1998","ha","14000","E","Estimated value",""
"QCL","Crops and livestock products","002","Africa","5510","Production","01929.01","Flax, raw or retted","1998","1998","t","13500","E","Estimated value",""
"QCL","Crops and livestock products","002","Africa","5312","Area harvested","01929.01","Flax, raw or retted","1999","1999","ha","14500","E","Estimated value",""
"QCL","Crops and livestock products","002","Africa","5510","Production","01929.01","Flax, raw or retted","1999","1999","t","13800","E","Estimated value",""
"QCL","Crops and livestock products","002","Africa","5312","Area harvested","01929.01","Flax, raw or retted","2000","2000","ha","15000","E","Estimated value",""
"QCL","Crops and livestock products","002","Africa","5510","Production","01929.01","Flax, raw or retted","2000","2000","t","14000","E","Estimated value",""
"QCL","Crops and livestock products","002","Africa","5312","Area harvested","01929.01","Flax, raw or retted","2001","2001","ha","7647","A","Official figure",""
"QCL","Crops and livestock products","002","Africa","5510","Production","01929.01","Flax, raw or retted","2001","2001","t","7110","E","Estimated value",""
"QCL","Crops and livestock products","002","Africa","5312","Area harvested","01929.01","Flax, raw or retted","2002","2002","ha","8000","E","Estimated value",""
"QCL","Crops and livestock products","002","Africa","5510","Production","01929.01","Flax, raw or retted","2002","2002","t","7160","E","Estimated value",""
"QCL","Crops and livestock products","002","Africa","5312","Area harvested","01929.01","Flax, raw or retted","2003","2003","ha","9600","E","Estimated value",""
"QCL","Crops and livestock products","002","Africa","5510","Production","01929.01","Flax, raw or retted","2003","2003","t","9000","E","Estimated value",""
"QCL","Crops and livestock products","002","Africa","5312","Area harvested","01929.01","Flax, raw or retted","2004","2004","ha","10700","E","Estimated value",""
"QCL","Crops and livestock products","002","Africa","5510","Production","01929.01","Flax, raw or retted","2004","2004","t","10000","E","Estimated value",""
"QCL","Crops and livestock products","002","Africa","5312","Area harvested","01929.01","Flax, raw or retted","2005","2005","ha","11200","E","Estimated value",""
"QCL","Crops and livestock products","002","Africa","5510","Production","01929.01","Flax, raw or retted","2005","2005","t","10500","E","Estimated value",""
"QCL","Crops and livestock products","002","Africa","5312","Area harvested","01929.01","Flax, raw or retted","2006","2006","ha","8900","E","Estimated value",""
"QCL","Crops and livestock products","002","Africa","5510","Production","01929.01","Flax, raw or retted","2006","2006","t","9000","E","Estimated value",""
"QCL","Crops and livestock products","002","Africa","5312","Area harvested","01929.01","Flax, raw or retted","2007","2007","ha","9677","E","Estimated value",""
"QCL","Crops and livestock products","002","Africa","5510","Production","01929.01","Flax, raw or retted","2007","2007","t","9276.1","E","Estimated value",""
"QCL","Crops and livestock products","002","Africa","5312","Area harvested","01929.01","Flax, raw or retted","2008","2008","ha","9534","E","Estimated value",""
"QCL","Crops and livestock products","002","Africa","5510","Production","01929.01","Flax, raw or retted","2008","2008","t","9210.27","E","Estimated value",""
"QCL","Crops and livestock products","002","Africa","5312","Area harvested","01929.01","Flax, raw or retted","2009","2009","ha","9841","E","Estimated value",""
"QCL","Crops and livestock products","002","Africa","5510","Production","01929.01","Flax, raw or retted","2009","2009","t","9093.73","E","Estimated value",""
"QCL","Crops and livestock products","002","Africa","5312","Area harvested","01929.01","Flax, raw or retted","2010","2010","ha","9905","E","Estimated value",""
"QCL","Crops and livestock products","002","Africa","5510","Production","01929.01","Flax, raw or retted","2010","2010","t","9012.27","E","Estimated value",""
"QCL","Crops and livestock products","002","Africa","5312","Area harvested","01929.01","Flax, raw or retted","2011","2011","ha","10100","E","Estimated value",""
"QCL","Crops and livestock products","002","Africa","5510","Production","01929.01","Flax, raw or retted","2011","2011","t","9052.83","E","Estimated value",""
"QCL","Crops and livestock products","002","Africa","5312","Area harvested","01929.01","Flax, raw or retted","2012","2012","ha","10000","E","Estimated value",""
"QCL","Crops and livestock products","002","Africa","5510","Production","01929.01","Flax, raw or retted","2012","2012","t","8400","E","Estimated value",""
"QCL","Crops and livestock products","002","Africa","5312","Area harvested","01929.01","Flax, raw or retted","2013","2013","ha","10000","E","Estimated value",""
"QCL","Crops and livestock products","002","Africa","5510","Production","01929.01","Flax, raw or retted","2013","2013","t","8500","E","Estimated value",""
"QCL","Crops and livestock products","002","Africa","5312","Area harvested","01929.01","Flax, raw or retted","2014","2014","ha","9000","E","Estimated value",""
"QCL","Crops and livestock products","002","Africa","5510","Production","01929.01","Flax, raw or retted","2014","2014","t","7846.9","E","Estimated value",""
"QCL","Crops and livestock products","002","Africa","5312","Area harvested","01929.01","Flax, raw or retted","2015","2015","ha","8763","E","Estimated value",""
"QCL","Crops and livestock products","002","Africa","5510","Production","01929.01","Flax, raw or retted","2015","2015","t","7943.75","E","Estimated value",""
"QCL","Crops and livestock products","002","Africa","5312","Area harvested","01929.01","Flax, raw or retted","2016","2016","ha","8941","E","Estimated value",""
"QCL","Crops and livestock products","002","Africa","5510","Production","01929.01","Flax, raw or retted","2016","2016","t","7818.28","E","Estimated value",""
"QCL","Crops and livestock products","002","Africa","5312","Area harvested","01929.01","Flax, raw or retted","2017","2017","ha","8726","E","Estimated value",""
"QCL","Crops and livestock products","002","Africa","5510","Production","01929.01","Flax, raw or retted","2017","2017","t","7616.9","E","Estimated value",""
"QCL","Crops and livestock products","002","Africa","5312","Area harvested","01929.01","Flax, raw or retted","2018","2018","ha","8393","E","Estimated value",""
"QCL","Crops and livestock products","002","Africa","5510","Production","01929.01","Flax, raw or retted","2018","2018","t","7792.97","E","Estimated value",""
"QCL","Crops and livestock products","002","Africa","5312","Area harvested","01929.01","Flax, raw or retted","2019","2019","ha","8687","E","Estimated value",""
"QCL","Crops and livestock products","002","Africa","5510","Production","01929.01","Flax, raw or retted","2019","2019","t","7742.72","E","Estimated value",""
"QCL","Crops and livestock products","002","Africa","5312","Area harvested","01929.01","Flax, raw or retted","2020","2020","ha","8602","E","Estimated value",""
"QCL","Crops and livestock products","002","Africa","5510","Production","01929.01","Flax, raw or retted","2020","2020","t","7717.53","E","Estimated value",""
"QCL","Crops and livestock products","002","Africa","5312","Area harvested","01929.01","Flax, raw or retted","2021","2021","ha","8560","E","Estimated value",""
"QCL","Crops and livestock products","002","Africa","5510","Production","01929.01","Flax, raw or retted","2021","2021","t","7751.07","E","Estimated value",""
"QCL","Crops and livestock products","002","Africa","5312","Area harvested","01929.01","Flax, raw or retted","2022","2022","ha","8616","E","Estimated value",""
"QCL","Crops and livestock products","002","Africa","5510","Production","01929.01","Flax, raw or retted","2022","2022","t","7737.11","E","Estimated value",""
"QCL","Crops and livestock products","002","Africa","5312","Area harvested","01929.01","Flax, raw or retted","2023","2023","ha","8600","E","Estimated value",""
"QCL","Crops and livestock products","002","Africa","5510","Production","01929.01","Flax, raw or retted","2023","2023","t","7700","E","Estimated value",""
"QCL","Crops and livestock products","002","Africa","5312","Area harvested","01929.01","Flax, raw or retted","2024","2024","ha","8600","E","Estimated value",""
"QCL","Crops and livestock products","002","Africa","5510","Production","01929.01","Flax, raw or retted","2024","2024","t","7700","E","Estimated value",""
"QCL","Crops and livestock products","002","Africa","5312","Area harvested","0116","Rye","1961","1961","ha","52797","A","Official figure",""
"QCL","Crops and livestock products","002","Africa","5412","Yield","0116","Rye","1961","1961","kg/ha","194.9","A","Official figure",""
"QCL","Crops and livestock products","002","Africa","5510","Production","0116","Rye","1961","1961","t","10290","A","Official figure",""
"QCL","Crops and livestock products","002","Africa","5312","Area harvested","0116","Rye","1962","1962","ha","57970","A","Official figure",""
"QCL","Crops and livestock products","002","Africa","5412","Yield","0116","Rye","1962","1962","kg/ha","157","A","Official figure",""
"QCL","Crops and livestock products","002","Africa","5510","Production","0116","Rye","1962","1962","t","9100","A","Official figure",""
"QCL","Crops and livestock products","002","Africa","5312","Area harvested","0116","Rye","1963","1963","ha","66000","A","Official figure",""
"QCL","Crops and livestock products","002","Africa","5412","Yield","0116","Rye","1963","1963","kg/ha","209.1","A","Official figure",""
"QCL","Crops and livestock products","002","Africa","5510","Production","0116","Rye","1963","1963","t","13800","A","Official figure",""
"QCL","Crops and livestock products","002","Africa","5312","Area harvested","0116","Rye","1964","1964","ha","89000","A","Official figure",""
"QCL","Crops and livestock products","002","Africa","5412","Yield","0116","Rye","1964","1964","kg/ha","180.9","A","Official figure",""
"QCL","Crops and livestock products","002","Africa","5510","Production","0116","Rye","1964","1964","t","16100","A","Official figure",""
"QCL","Crops and livestock products","002","Africa","5312","Area harvested","0116","Rye","1965","1965","ha","116660","A","Official figure",""
"QCL","Crops and livestock products","002","Africa","5412","Yield","0116","Rye","1965","1965","kg/ha","119.1","A","Official figure",""
"QCL","Crops and livestock products","002","Africa","5510","Production","0116","Rye","1965","1965","t","13900","A","Official figure",""
"QCL","Crops and livestock products","002","Africa","5312","Area harvested","0116","Rye","1966","1966","ha","127900","A","Official figure",""
"QCL","Crops and livestock products","002","Africa","5412","Yield","0116","Rye","1966","1966","kg/ha","65.8","A","Official figure",""
"QCL","Crops and livestock products","002","Africa","5510","Production","0116","Rye","1966","1966","t","8411","A","Official figure",""
"QCL","Crops and livestock products","002","Africa","5312","Area harvested","0116","Rye","1967","1967","ha","134060","A","Official figure",""
"QCL","Crops and livestock products","002","Africa","5412","Yield","0116","Rye","1967","1967","kg/ha","106.7","A","Official figure",""
"QCL","Crops and livestock products","002","Africa","5510","Production","0116","Rye","1967","1967","t","14301","A","Official figure",""
"QCL","Crops and livestock products","002","Africa","5312","Area harvested","0116","Rye","1968","1968","ha","113000","A","Official figure",""
"QCL","Crops and livestock products","002","Africa","5412","Yield","0116","Rye","1968","1968","kg/ha","80.5","A","Official figure",""
"QCL","Crops and livestock products","002","Africa","5510","Production","0116","Rye","1968","1968","t","9100","A","Official figure",""
"QCL","Crops and livestock products","002","Africa","5312","Area harvested","0116","Rye","1969","1969","ha","100500","A","Official figure",""
"QCL","Crops and livestock products","002","Africa","5412","Yield","0116","Rye","1969","1969","kg/ha","80.6","A","Official figure",""
"QCL","Crops and livestock products","002","Africa","5510","Production","0116","Rye","1969","1969","t","8100","A","Official figure",""
"QCL","Crops and livestock products","002","Africa","5312","Area harvested","0116","Rye","1970","1970","ha","33200","A","Official figure",""
"QCL","Crops and livestock products","002","Africa","5412","Yield","0116","Rye","1970","1970","kg/ha","456.6","A","Official figure",""
"QCL","Crops and livestock products","002","Africa","5510","Production","0116","Rye","1970","1970","t","15160","A","Official figure",""
"QCL","Crops and livestock products","002","Africa","5312","Area harvested","0116","Rye","1971","1971","ha","26900","A","Official figure",""
"QCL","Crops and livestock products","002","Africa","5412","Yield","0116","Rye","1971","1971","kg/ha","264.7","A","Official figure",""
"QCL","Crops and livestock products","002","Africa","5510","Production","0116","Rye","1971","1971","t","7120","A","Official figure",""
"QCL","Crops and livestock products","002","Africa","5312","Area harvested","0116","Rye","1972","1972","ha","35700","A","Official figure",""
"QCL","Crops and livestock products","002","Africa","5412","Yield","0116","Rye","1972","1972","kg/ha","336.1","E","Estimated value",""
"QCL","Crops and livestock products","002","Africa","5510","Production","0116","Rye","1972","1972","t","12000","E","Estimated value",""
"QCL","Crops and livestock products","002","Africa","5312","Area harvested","0116","Rye","1973","1973","ha","37000","E","Estimated value",""
"QCL","Crops and livestock products","002","Africa","5412","Yield","0116","Rye","1973","1973","kg/ha","414.1","E","Estimated value",""
"QCL","Crops and livestock products","002","Africa","5510","Production","0116","Rye","1973","1973","t","15320","E","Estimated value",""
"QCL","Crops and livestock products","002","Africa","5312","Area harvested","0116","Rye","1974","1974","ha","37200","A","Official figure",""
"QCL","Crops and livestock products","002","Africa","5412","Yield","0116","Rye","1974","1974","kg/ha","237.9","E","Estimated value",""
"QCL","Crops and livestock products","002","Africa","5510","Production","0116","Rye","1974","1974","t","8850","E","Estimated value",""
"QCL","Crops and livestock products","002","Africa","5312","Area harvested","0116","Rye","1975","1975","ha","30500","E","Estimated value",""
"QCL","Crops and livestock products","002","Africa","5412","Yield","0116","Rye","1975","1975","kg/ha","261.6","E","Estimated value",""
"QCL","Crops and livestock products","002","Africa","5510","Production","0116","Rye","1975","1975","t","7980","E","Estimated value",""
"QCL","Crops and livestock products","002","Africa","5312","Area harvested","0116","Rye","1976","1976","ha","32500","E","Estimated value",""
"QCL","Crops and livestock products","002","Africa","5412","Yield","0116","Rye","1976","1976","kg/ha","287.1","E","Estimated value",""
"QCL","Crops and livestock products","002","Africa","5510","Production","0116","Rye","1976","1976","t","9330","E","Estimated value",""
"QCL","Crops and livestock products","002","Africa","5312","Area harvested","0116","Rye","1977","1977","ha","21700","E","Estimated value",""
"QCL","Crops and livestock products","002","Africa","5412","Yield","0116","Rye","1977","1977","kg/ha","271.9","E","Estimated value",""
"QCL","Crops and livestock products","002","Africa","5510","Production","0116","Rye","1977","1977","t","5900","E","Estimated value",""
"QCL","Crops and livestock products","002","Africa","5312","Area harvested","0116","Rye","1978","1978","ha","27000","E","Estimated value",""
"QCL","Crops and livestock products","002","Africa","5412","Yield","0116","Rye","1978","1978","kg/ha","402.6","E","Estimated value",""
"QCL","Crops and livestock products","002","Africa","5510","Production","0116","Rye","1978","1978","t","10870","E","Estimated value",""
"QCL","Crops and livestock products","002","Africa","5312","Area harvested","0116","Rye","1979","1979","ha","38300","E","Estimated value",""
"QCL","Crops and livestock products","002","Africa","5412","Yield","0116","Rye","1979","1979","kg/ha","308.1","E","Estimated value",""
"QCL","Crops and livestock products","002","Africa","5510","Production","0116","Rye","1979","1979","t","11800","E","Estimated value",""
"QCL","Crops and livestock products","002","Africa","5312","Area harvested","0116","Rye","1980","1980","ha","35350","E","Estimated value",""
"QCL","Crops and livestock products","002","Africa","5412","Yield","0116","Rye","1980","1980","kg/ha","280.1","E","Estimated value",""
"QCL","Crops and livestock products","002","Africa","5510","Production","0116","Rye","1980","1980","t","9900","E","Estimated value",""
"QCL","Crops and livestock products","002","Africa","5312","Area harvested","0116","Rye","1981","1981","ha","40000","E","Estimated value",""
"QCL","Crops and livestock products","002","Africa","5412","Yield","0116","Rye","1981","1981","kg/ha","276.5","E","Estimated value",""
"QCL","Crops and livestock products","002","Africa","5510","Production","0116","Rye","1981","1981","t","11060","E","Estimated value",""
"QCL","Crops and livestock products","002","Africa","5312","Area harvested","0116","Rye","1982","1982","ha","36000","E","Estimated value",""
"QCL","Crops and livestock products","002","Africa","5412","Yield","0116","Rye","1982","1982","kg/ha","281.9","E","Estimated value",""
"QCL","Crops and livestock products","002","Africa","5510","Production","0116","Rye","1982","1982","t","10149","E","Estimated value",""
"QCL","Crops and livestock products","002","Africa","5312","Area harvested","0116","Rye","1983","1983","ha","35600","E","Estimated value",""
"QCL","Crops and livestock products","002","Africa","5412","Yield","0116","Rye","1983","1983","kg/ha","275.3","E","Estimated value",""
"QCL","Crops and livestock products","002","Africa","5510","Production","0116","Rye","1983","1983","t","9800","E","Estimated value",""
"QCL","Crops and livestock products","002","Africa","5312","Area harvested","0116","Rye","1984","1984","ha","31500","E","Estimated value",""
"QCL","Crops and livestock products","002","Africa","5412","Yield","0116","Rye","1984","1984","kg/ha","238.7","E","Estimated value",""
"QCL","Crops and livestock products","002","Africa","5510","Production","0116","Rye","1984","1984","t","7520","E","Estimated value",""
"QCL","Crops and livestock products","002","Africa","5312","Area harvested","0116","Rye","1985","1985","ha","27500","E","Estimated value",""
"QCL","Crops and livestock products","002","Africa","5412","Yield","0116","Rye","1985","1985","kg/ha","128","E","Estimated value",""
"QCL","Crops and livestock products","002","Africa","5510","Production","0116","Rye","1985","1985","t","3520","E","Estimated value",""
"QCL","Crops and livestock products","002","Africa","5312","Area harvested","0116","Rye","1986","1986","ha","29950","E","Estimated value",""
"QCL","Crops and livestock products","002","Africa","5412","Yield","0116","Rye","1986","1986","kg/ha","133.6","E","Estimated value",""
"QCL","Crops and livestock products","002","Africa","5510","Production","0116","Rye","1986","1986","t","4000","E","Estimated value",""
"QCL","Crops and livestock products","002","Africa","5312","Area harvested","0116","Rye","1987","1987","ha","28000","E","Estimated value",""
"QCL","Crops and livestock products","002","Africa","5412","Yield","0116","Rye","1987","1987","kg/ha","142.9","E","Estimated value",""
"QCL","Crops and livestock products","002","Africa","5510","Production","0116","Rye","1987","1987","t","4000","E","Estimated value",""
"QCL","Crops and livestock products","002","Africa","5312","Area harvested","0116","Rye","1988","1988","ha","38000","E","Estimated value",""
"QCL","Crops and livestock products","002","Africa","5412","Yield","0116","Rye","1988","1988","kg/ha","105.3","E","Estimated value",""
"QCL","Crops and livestock products","002","Africa","5510","Production","0116","Rye","1988","1988","t","4000","E","Estimated value",""
"QCL","Crops and livestock products","002","Africa","5312","Area harvested","0116","Rye","1989","1989","ha","100100","E","Estimated value",""
"QCL","Crops and livestock products","002","Africa","5412","Yield","0116","Rye","1989","1989","kg/ha","210.8","E","Estimated value",""
"QCL","Crops and livestock products","002","Africa","5510","Production","0116","Rye","1989","1989","t","21100","E","Estimated value",""
"QCL","Crops and livestock products","002","Africa","5312","Area harvested","0116","Rye","1990","1990","ha","70628","E","Estimated value",""
"QCL","Crops and livestock products","002","Africa","5412","Yield","0116","Rye","1990","1990","kg/ha","301.2","E","Estimated value",""
"QCL","Crops and livestock products","002","Africa","5510","Production","0116","Rye","1990","1990","t","21274","E","Estimated value",""
"QCL","Crops and livestock products","002","Africa","5312","Area harvested","0116","Rye","1991","1991","ha","74700","A","Official figure",""
"QCL","Crops and livestock products","002","Africa","5412","Yield","0116","Rye","1991","1991","kg/ha","283.8","E","Estimated value",""
"QCL","Crops and livestock products","002","Africa","5510","Production","0116","Rye","1991","1991","t","21200","E","Estimated value",""
"QCL","Crops and livestock products","002","Africa","5312","Area harvested","0116","Rye","1992","1992","ha","43800","A","Official figure",""
"QCL","Crops and livestock products","002","Africa","5412","Yield","0116","Rye","1992","1992","kg/ha","440.6","E","Estimated value",""
"QCL","Crops and livestock products","002","Africa","5510","Production","0116","Rye","1992","1992","t","19300","E","Estimated value",""
"QCL","Crops and livestock products","002","Africa","5312","Area harvested","0116","Rye","1993","1993","ha","56163","A","Official figure",""
"QCL","Crops and livestock products","002","Africa","5412","Yield","0116","Rye","1993","1993","kg/ha","406.7","E","Estimated value",""
"QCL","Crops and livestock products","002","Africa","5510","Production","0116","Rye","1993","1993","t","22844.04","E","Estimated value",""
"QCL","Crops and livestock products","002","Africa","5312","Area harvested","0116","Rye","1994","1994","ha","58900","A","Official figure",""
"QCL","Crops and livestock products","002","Africa","5412","Yield","0116","Rye","1994","1994","kg/ha","414.3","E","Estimated value",""
"QCL","Crops and livestock products","002","Africa","5510","Production","0116","Rye","1994","1994","t","24400","E","Estimated value",""
"QCL","Crops and livestock products","002","Africa","5312","Area harvested","0116","Rye","1995","1995","ha","59930","A","Official figure",""
"QCL","Crops and livestock products","002","Africa","5412","Yield","0116","Rye","1995","1995","kg/ha","456.4","E","Estimated value",""
"QCL","Crops and livestock products","002","Africa","5510","Production","0116","Rye","1995","1995","t","27352","E","Estimated value",""
"QCL","Crops and livestock products","002","Africa","5312","Area harvested","0116","Rye","1996","1996","ha","60248","A","Official figure",""
"QCL","Crops and livestock products","002","Africa","5412","Yield","0116","Rye","1996","1996","kg/ha","477","E","Estimated value",""
"QCL","Crops and livestock products","002","Africa","5510","Production","0116","Rye","1996","1996","t","28736.43","E","Estimated value",""
"QCL","Crops and livestock products","002","Africa","5312","Area harvested","0116","Rye","1997","1997","ha","54493","A","Official figure",""
"QCL","Crops and livestock products","002","Africa","5412","Yield","0116","Rye","1997","1997","kg/ha","542.6","E","Estimated value",""
"QCL","Crops and livestock products","002","Africa","5510","Production","0116","Rye","1997","1997","t","29570.34","E","Estimated value",""
"QCL","Crops and livestock products","002","Africa","5312","Area harvested","0116","Rye","1998","1998","ha","55050","A","Official figure",""
"QCL","Crops and livestock products","002","Africa","5412","Yield","0116","Rye","1998","1998","kg/ha","551.7","E","Estimated value",""
"QCL","Crops and livestock products","002","Africa","5510","Production","0116","Rye","1998","1998","t","30371.24","E","Estimated value",""
"QCL","Crops and livestock products","002","Africa","5312","Area harvested","0116","Rye","1999","1999","ha","31391","E","Estimated value",""
"QCL","Crops and livestock products","002","Africa","5412","Yield","0116","Rye","1999","1999","kg/ha","967.6","E","Estimated value",""
"QCL","Crops and livestock products","002","Africa","5510","Production","0116","Rye","1999","1999","t","30372.32","E","Estimated value",""
"QCL","Crops and livestock products","002","Africa","5312","Area harvested","0116","Rye","2000","2000","ha","19996","E","Estimated value",""
"QCL","Crops and livestock products","002","Africa","5412","Yield","0116","Rye","2000","2000","kg/ha","1478","E","Estimated value",""
"QCL","Crops and livestock products","002","Africa","5510","Production","0116","Rye","2000","2000","t","29553.9","E","Estimated value",""
"QCL","Crops and livestock products","002","Africa","5312","Area harvested","0116","Rye","2001","2001","ha","22074","E","Estimated value",""
"QCL","Crops and livestock products","002","Africa","5412","Yield","0116","Rye","2001","2001","kg/ha","1539.4","E","Estimated value",""
"QCL","Crops and livestock products","002","Africa","5510","Production","0116","Rye","2001","2001","t","33979.74","E","Estimated value",""
"QCL","Crops and livestock products","002","Africa","5312","Area harvested","0116","Rye","2002","2002","ha","19332","E","Estimated value",""
"QCL","Crops and livestock products","002","Africa","5412","Yield","0116","Rye","2002","2002","kg/ha","1709.8","E","Estimated value",""
"QCL","Crops and livestock products","002","Africa","5510","Production","0116","Rye","2002","2002","t","33054.63","E","Estimated value",""
"QCL","Crops and livestock products","002","Africa","5312","Area harvested","0116","Rye","2003","2003","ha","19281","E","Estimated value",""
"QCL","Crops and livestock products","002","Africa","5412","Yield","0116","Rye","2003","2003","kg/ha","1685.9","E","Estimated value",""
"QCL","Crops and livestock products","002","Africa","5510","Production","0116","Rye","2003","2003","t","32506.38","E","Estimated value",""
"QCL","Crops and livestock products","002","Africa","5312","Area harvested","0116","Rye","2004","2004","ha","20006","E","Estimated value",""
"QCL","Crops and livestock products","002","Africa","5412","Yield","0116","Rye","2004","2004","kg/ha","1644.2","E","Estimated value",""
"QCL","Crops and livestock products","002","Africa","5510","Production","0116","Rye","2004","2004","t","32892.85","E","Estimated value",""
"QCL","Crops and livestock products","002","Africa","5312","Area harvested","0116","Rye","2005","2005","ha","31212","E","Estimated value",""
"QCL","Crops and livestock products","002","Africa","5412","Yield","0116","Rye","2005","2005","kg/ha","1783.5","E","Estimated value",""
"QCL","Crops and livestock products","002","Africa","5510","Production","0116","Rye","2005","2005","t","55665.06","E","Estimated value",""
"QCL","Crops and livestock products","002","Africa","5312","Area harvested","0116","Rye","2006","2006","ha","43889","E","Estimated value",""
"QCL","Crops and livestock products","002","Africa","5412","Yield","0116","Rye","2006","2006","kg/ha","1828.5","E","Estimated value",""
"QCL","Crops and livestock products","002","Africa","5510","Production","0116","Rye","2006","2006","t","80252.81","E","Estimated value",""
"QCL","Crops and livestock products","002","Africa","5312","Area harvested","0116","Rye","2007","2007","ha","45200","E","Estimated value",""
"QCL","Crops and livestock products","002","Africa","5412","Yield","0116","Rye","2007","2007","kg/ha","1839.8","E","Estimated value",""
"QCL","Crops and livestock products","002","Africa","5510","Production","0116","Rye","2007","2007","t","83157.27","E","Estimated value",""
"QCL","Crops and livestock products","002","Africa","5312","Area harvested","0116","Rye","2008","2008","ha","53877","E","Estimated value",""
"QCL","Crops and livestock products","002","Africa","5412","Yield","0116","Rye","2008","2008","kg/ha","1856.1","E","Estimated value",""
"QCL","Crops and livestock products","002","Africa","5510","Production","0116","Rye","2008","2008","t","100000","E","Estimated value",""
"QCL","Crops and livestock products","002","Africa","5312","Area harvested","0116","Rye","2009","2009","ha","54424","E","Estimated value",""
"QCL","Crops and livestock products","002","Africa","5412","Yield","0116","Rye","2009","2009","kg/ha","1887","E","Estimated value",""
"QCL","Crops and livestock products","002","Africa","5510","Production","0116","Rye","2009","2009","t","102700","E","Estimated value",""
"QCL","Crops and livestock products","002","Africa","5312","Area harvested","0116","Rye","2010","2010","ha","54633","E","Estimated value",""
"QCL","Crops and livestock products","002","Africa","5412","Yield","0116","Rye","2010","2010","kg/ha","1883.4","E","Estimated value",""
"QCL","Crops and livestock products","002","Africa","5510","Production","0116","Rye","2010","2010","t","102897.65","E","Estimated value",""
"QCL","Crops and livestock products","002","Africa","5312","Area harvested","0116","Rye","2011","2011","ha","52924","E","Estimated value",""
"QCL","Crops and livestock products","002","Africa","5412","Yield","0116","Rye","2011","2011","kg/ha","1862.5","E","Estimated value",""
"QCL","Crops and livestock products","002","Africa","5510","Production","0116","Rye","2011","2011","t","98573.46","E","Estimated value",""
"QCL","Crops and livestock products","002","Africa","5312","Area harvested","0116","Rye","2012","2012","ha","50990","E","Estimated value",""
"QCL","Crops and livestock products","002","Africa","5412","Yield","0116","Rye","2012","2012","kg/ha","1856.7","E","Estimated value",""
"QCL","Crops and livestock products","002","Africa","5510","Production","0116","Rye","2012","2012","t","94671.9","E","Estimated value",""
"QCL","Crops and livestock products","002","Africa","5312","Area harvested","0116","Rye","2013","2013","ha","50472","E","Estimated value",""
"QCL","Crops and livestock products","002","Africa","5412","Yield","0116","Rye","2013","2013","kg/ha","1858.8","E","Estimated value",""
"QCL","Crops and livestock products","002","Africa","5510","Production","0116","Rye","2013","2013","t","93817.74","E","Estimated value",""
"QCL","Crops and livestock products","002","Africa","5312","Area harvested","0116","Rye","2014","2014","ha","50542","E","Estimated value",""
"QCL","Crops and livestock products","002","Africa","5412","Yield","0116","Rye","2014","2014","kg/ha","1870.5","E","Estimated value",""
"QCL","Crops and livestock products","002","Africa","5510","Production","0116","Rye","2014","2014","t","94537.17","E","Estimated value",""
"QCL","Crops and livestock products","002","Africa","5312","Area harvested","0116","Rye","2015","2015","ha","50803","E","Estimated value",""
"QCL","Crops and livestock products","002","Africa","5412","Yield","0116","Rye","2015","2015","kg/ha","1882.8","E","Estimated value",""
"QCL","Crops and livestock products","002","Africa","5510","Production","0116","Rye","2015","2015","t","95649.02","E","Estimated value",""
"QCL","Crops and livestock products","002","Africa","5312","Area harvested","0116","Rye","2016","2016","ha","51942","E","Estimated value",""
"QCL","Crops and livestock products","002","Africa","5412","Yield","0116","Rye","2016","2016","kg/ha","1873.8","E","Estimated value",""
"QCL","Crops and livestock products","002","Africa","5510","Production","0116","Rye","2016","2016","t","97330.15","E","Estimated value",""
"QCL","Crops and livestock products","002","Africa","5312","Area harvested","0116","Rye","2017","2017","ha","52643","E","Estimated value",""
"QCL","Crops and livestock products","002","Africa","5412","Yield","0116","Rye","2017","2017","kg/ha","1870.9","E","Estimated value",""
"QCL","Crops and livestock products","002","Africa","5510","Production","0116","Rye","2017","2017","t","98490.47","E","Estimated value",""
"QCL","Crops and livestock products","002","Africa","5312","Area harvested","0116","Rye","2018","2018","ha","52781","E","Estimated value",""
"QCL","Crops and livestock products","002","Africa","5412","Yield","0116","Rye","2018","2018","kg/ha","1877.8","E","Estimated value",""
"QCL","Crops and livestock products","002","Africa","5510","Production","0116","Rye","2018","2018","t","99111.05","E","Estimated value",""
"QCL","Crops and livestock products","002","Africa","5312","Area harvested","0116","Rye","2019","2019","ha","53080","E","Estimated value",""
"QCL","Crops and livestock products","002","Africa","5412","Yield","0116","Rye","2019","2019","kg/ha","1872.3","E","Estimated value",""
"QCL","Crops and livestock products","002","Africa","5510","Production","0116","Rye","2019","2019","t","99380.24","E","Estimated value",""
"QCL","Crops and livestock products","002","Africa","5312","Area harvested","0116","Rye","2020","2020","ha","53053","E","Estimated value",""
"QCL","Crops and livestock products","002","Africa","5412","Yield","0116","Rye","2020","2020","kg/ha","1874","E","Estimated value",""
"QCL","Crops and livestock products","002","Africa","5510","Production","0116","Rye","2020","2020","t","99423.5","E","Estimated value",""
"QCL","Crops and livestock products","002","Africa","5312","Area harvested","0116","Rye","2021","2021","ha","53250","E","Estimated value",""
"QCL","Crops and livestock products","002","Africa","5412","Yield","0116","Rye","2021","2021","kg/ha","1874.6","E","Estimated value",""
"QCL","Crops and livestock products","002","Africa","5510","Production","0116","Rye","2021","2021","t","99824.05","E","Estimated value",""
"QCL","Crops and livestock products","002","Africa","5312","Area harvested","0116","Rye","2022","2022","ha","53159","E","Estimated value",""
"QCL","Crops and livestock products","002","Africa","5412","Yield","0116","Rye","2022","2022","kg/ha","1872.4","E","Estimated value",""
"QCL","Crops and livestock products","002","Africa","5510","Production","0116","Rye","2022","2022","t","99535.65","E","Estimated value",""
"QCL","Crops and livestock products","002","Africa","5312","Area harvested","0116","Rye","2023","2023","ha","53249","E","Estimated value",""
"QCL","Crops and livestock products","002","Africa","5412","Yield","0116","Rye","2023","2023","kg/ha","1872.9","E","Estimated value",""
"QCL","Crops and livestock products","002","Africa","5510","Production","0116","Rye","2023","2023","t","99728.99","E","Estimated value",""
"QCL","Crops and livestock products","002","Africa","5312","Area harvested","0116","Rye","2024","2024","ha","53355","E","Estimated value",""
"QCL","Crops and livestock products","002","Africa","5412","Yield","0116","Rye","2024","2024","kg/ha","1872.9","E","Estimated value",""
"QCL","Crops and livestock products","002","Africa","5510","Production","0116","Rye","2024","2024","t","99927.59","E","Estimated value",""
"QCL","Crops and livestock products","002","Africa","5312","Area harvested","0111","Wheat","1961","1961","ha","7385635","A","Official figure",""
"QCL","Crops and livestock products","002","Africa","5412","Yield","0111","Wheat","1961","1961","kg/ha","693","A","Official figure",""
"QCL","Crops and livestock products","002","Africa","5510","Production","0111","Wheat","1961","1961","t","5118115","A","Official figure",""
"QCL","Crops and livestock products","002","Africa","5312","Area harvested","0111","Wheat","1962","1962","ha","7450506","E","Estimated value",""
"QCL","Crops and livestock products","002","Africa","5412","Yield","0111","Wheat","1962","1962","kg/ha","923.6","E","Estimated value",""
"QCL","Crops and livestock products","002","Africa","5510","Production","0111","Wheat","1962","1962","t","6881139","A","Official figure",""
"QCL","Crops and livestock products","002","Africa","5312","Area harvested","0111","Wheat","1963","1963","ha","7999191","E","Estimated value",""
"QCL","Crops and livestock products","002","Africa","5412","Yield","0111","Wheat","1963","1963","kg/ha","899","E","Estimated value",""
"QCL","Crops and livestock products","002","Africa","5510","Production","0111","Wheat","1963","1963","t","7191030","A","Official figure",""
"QCL","Crops and livestock products","002","Africa","5312","Area harvested","0111","Wheat","1964","1964","ha","7840283","A","Official figure",""
"QCL","Crops and livestock products","002","Africa","5412","Yield","0111","Wheat","1964","1964","kg/ha","873.6","A","Official figure",""
"QCL","Crops and livestock products","002","Africa","5510","Production","0111","Wheat","1964","1964","t","6849605","A","Official figure",""
"QCL","Crops and livestock products","002","Africa","5312","Area harvested","0111","Wheat","1965","1965","ha","8166925","A","Official figure",""
"QCL","Crops and livestock products","002","Africa","5412","Yield","0111","Wheat","1965","1965","kg/ha","828.7","A","Official figure",""
"QCL","Crops and livestock products","002","Africa","5510","Production","0111","Wheat","1965","1965","t","6767691","A","Official figure",""
"QCL","Crops and livestock products","002","Africa","5312","Area harvested","0111","Wheat","1966","1966","ha","7364808","A","Official figure",""
"QCL","Crops and livestock products","002","Africa","5412","Yield","0111","Wheat","1966","1966","kg/ha","760.4","A","Official figure",""
"QCL","Crops and livestock products","002","Africa","5510","Production","0111","Wheat","1966","1966","t","5600401","A","Official figure",""
"QCL","Crops and livestock products","002","Africa","5312","Area harvested","0111","Wheat","1967","1967","ha","8218481","E","Estimated value",""
"QCL","Crops and livestock products","002","Africa","5412","Yield","0111","Wheat","1967","1967","kg/ha","842.3","E","Estimated value",""
"QCL","Crops and livestock products","002","Africa","5510","Production","0111","Wheat","1967","1967","t","6922147","A","Official figure",""
"QCL","Crops and livestock products","002","Africa","5312","Area harvested","0111","Wheat","1968","1968","ha","8850261","E","Estimated value",""
"QCL","Crops and livestock products","002","Africa","5412","Yield","0111","Wheat","1968","1968","kg/ha","992.2","E","Estimated value",""
"QCL","Crops and livestock products","002","Africa","5510","Production","0111","Wheat","1968","1968","t","8781114","A","Official figure",""
"QCL","Crops and livestock products","002","Africa","5312","Area harvested","0111","Wheat","1969","1969","ha","9006529","E","Estimated value",""
"QCL","Crops and livestock products","002","Africa","5412","Yield","0111","Wheat","1969","1969","kg/ha","810.3","E","Estimated value",""
"QCL","Crops and livestock products","002","Africa","5510","Production","0111","Wheat","1969","1969","t","7298416","A","Official figure",""
"QCL","Crops and livestock products","002","Africa","5312","Area harvested","0111","Wheat","1970","1970","ha","9283577","E","Estimated value",""
"QCL","Crops and livestock products","002","Africa","5412","Yield","0111","Wheat","1970","1970","kg/ha","870.3","E","Estimated value",""
"QCL","Crops and livestock products","002","Africa","5510","Production","0111","Wheat","1970","1970","t","8079907","A","Official figure",""
"QCL","Crops and livestock products","002","Africa","5312","Area harvested","0111","Wheat","1971","1971","ha","9231255","A","Official figure",""
"QCL","Crops and livestock products","002","Africa","5412","Yield","0111","Wheat","1971","1971","kg/ha","982.8","A","Official figure",""
"QCL","Crops and livestock products","002","Africa","5510","Production","0111","Wheat","1971","1971","t","9072019","A","Official figure",""
"QCL","Crops and livestock products","002","Africa","5312","Area harvested","0111","Wheat","1972","1972","ha","9698388","A","Official figure",""
"QCL","Crops and livestock products","002","Africa","5412","Yield","0111","Wheat","1972","1972","kg/ha","991.8","A","Official figure",""
"QCL","Crops and livestock products","002","Africa","5510","Production","0111","Wheat","1972","1972","t","9619232","A","Official figure",""
"QCL","Crops and livestock products","002","Africa","5312","Area harvested","0111","Wheat","1973","1973","ha","9253453","E","Estimated value",""
"QCL","Crops and livestock products","002","Africa","5412","Yield","0111","Wheat","1973","1973","kg/ha","940.2","E","Estimated value",""
"QCL","Crops and livestock products","002","Africa","5510","Production","0111","Wheat","1973","1973","t","8700049","A","Official figure",""
"QCL","Crops and livestock products","002","Africa","5312","Area harvested","0111","Wheat","1974","1974","ha","8951382","E","Estimated value",""
"QCL","Crops and livestock products","002","Africa","5412","Yield","0111","Wheat","1974","1974","kg/ha","971.1","E","Estimated value",""
"QCL","Crops and livestock products","002","Africa","5510","Production","0111","Wheat","1974","1974","t","8692896","A","Official figure",""
"QCL","Crops and livestock products","002","Africa","5312","Area harvested","0111","Wheat","1975","1975","ha","8808533","E","Estimated value",""
"QCL","Crops and livestock products","002","Africa","5412","Yield","0111","Wheat","1975","1975","kg/ha","1100.4","E","Estimated value",""
"QCL","Crops and livestock products","002","Africa","5510","Production","0111","Wheat","1975","1975","t","9693231","A","Official figure",""
"QCL","Crops and livestock products","002","Africa","5312","Area harvested","0111","Wheat","1976","1976","ha","9206258","A","Official figure",""
"QCL","Crops and livestock products","002","Africa","5412","Yield","0111","Wheat","1976","1976","kg/ha","1117.7","A","Official figure",""
"QCL","Crops and livestock products","002","Africa","5510","Production","0111","Wheat","1976","1976","t","10290084","A","Official figure",""
"QCL","Crops and livestock products","002","Africa","5312","Area harvested","0111","Wheat","1977","1977","ha","8542338","E","Estimated value",""
"QCL","Crops and livestock products","002","Africa","5412","Yield","0111","Wheat","1977","1977","kg/ha","926.9","E","Estimated value",""
"QCL","Crops and livestock products","002","Africa","5510","Production","0111","Wheat","1977","1977","t","7918224","A","Official figure",""
"QCL","Crops and livestock products","002","Africa","5312","Area harvested","0111","Wheat","1978","1978","ha","8372445","E","Estimated value",""
"QCL","Crops and livestock products","002","Africa","5412","Yield","0111","Wheat","1978","1978","kg/ha","1045.9","E","Estimated value",""
"QCL","Crops and livestock products","002","Africa","5510","Production","0111","Wheat","1978","1978","t","8756855","A","Official figure",""
"QCL","Crops and livestock products","002","Africa","5312","Area harvested","0111","Wheat","1979","1979","ha","8437861","E","Estimated value",""
"QCL","Crops and livestock products","002","Africa","5412","Yield","0111","Wheat","1979","1979","kg/ha","1045.8","E","Estimated value",""
"QCL","Crops and livestock products","002","Africa","5510","Production","0111","Wheat","1979","1979","t","8824497","A","Official figure",""
"QCL","Crops and livestock products","002","Africa","5312","Area harvested","0111","Wheat","1980","1980","ha","8118473","E","Estimated value",""
"QCL","Crops and livestock products","002","Africa","5412","Yield","0111","Wheat","1980","1980","kg/ha","1098.8","E","Estimated value",""
"QCL","Crops and livestock products","002","Africa","5510","Production","0111","Wheat","1980","1980","t","8920505","A","Official figure",""
"QCL","Crops and livestock products","002","Africa","5312","Area harvested","0111","Wheat","1981","1981","ha","7866971","E","Estimated value",""
"QCL","Crops and livestock products","002","Africa","5412","Yield","0111","Wheat","1981","1981","kg/ha","1134","E","Estimated value",""
"QCL","Crops and livestock products","002","Africa","5510","Production","0111","Wheat","1981","1981","t","8921336","A","Official figure",""
"QCL","Crops and livestock products","002","Africa","5312","Area harvested","0111","Wheat","1982","1982","ha","7981619","E","Estimated value",""
"QCL","Crops and livestock products","002","Africa","5412","Yield","0111","Wheat","1982","1982","kg/ha","1275","E","Estimated value",""
"QCL","Crops and livestock products","002","Africa","5510","Production","0111","Wheat","1982","1982","t","10176211","A","Official figure",""
"QCL","Crops and livestock products","002","Africa","5312","Area harvested","0111","Wheat","1983","1983","ha","8030731","E","Estimated value",""
"QCL","Crops and livestock products","002","Africa","5412","Yield","0111","Wheat","1983","1983","kg/ha","1123.1","E","Estimated value",""
"QCL","Crops and livestock products","002","Africa","5510","Production","0111","Wheat","1983","1983","t","9019053","A","Official figure",""
"QCL","Crops and livestock products","002","Africa","5312","Area harvested","0111","Wheat","1984","1984","ha","8033832","E","Estimated value",""
"QCL","Crops and livestock products","002","Africa","5412","Yield","0111","Wheat","1984","1984","kg/ha","1143.8","E","Estimated value",""
"QCL","Crops and livestock products","002","Africa","5510","Production","0111","Wheat","1984","1984","t","9189141","A","Official figure",""
"QCL","Crops and livestock products","002","Africa","5312","Area harvested","0111","Wheat","1985","1985","ha","8350895","A","Official figure",""
"QCL","Crops and livestock products","002","Africa","5412","Yield","0111","Wheat","1985","1985","kg/ha","1247.6","A","Official figure",""
"QCL","Crops and livestock products","002","Africa","5510","Production","0111","Wheat","1985","1985","t","10418753","A","Official figure",""
"QCL","Crops and livestock products","002","Africa","5312","Area harvested","0111","Wheat","1986","1986","ha","8242723","A","Official figure",""
"QCL","Crops and livestock products","002","Africa","5412","Yield","0111","Wheat","1986","1986","kg/ha","1442.8","A","Official figure",""
"QCL","Crops and livestock products","002","Africa","5510","Production","0111","Wheat","1986","1986","t","11892412","A","Official figure",""
"QCL","Crops and livestock products","002","Africa","5312","Area harvested","0111","Wheat","1987","1987","ha","8465159","A","Official figure",""
"QCL","Crops and livestock products","002","Africa","5412","Yield","0111","Wheat","1987","1987","kg/ha","1501.3","A","Official figure",""
"QCL","Crops and livestock products","002","Africa","5510","Production","0111","Wheat","1987","1987","t","12708580","A","Official figure",""
"QCL","Crops and livestock products","002","Africa","5312","Area harvested","0111","Wheat","1988","1988","ha","7611071","A","Official figure",""
"QCL","Crops and livestock products","002","Africa","5412","Yield","0111","Wheat","1988","1988","kg/ha","1749.7","A","Official figure",""
"QCL","Crops and livestock products","002","Africa","5510","Production","0111","Wheat","1988","1988","t","13317362","A","Official figure",""
"QCL","Crops and livestock products","002","Africa","5312","Area harvested","0111","Wheat","1989","1989","ha","8604698","A","Official figure",""
"QCL","Crops and livestock products","002","Africa","5412","Yield","0111","Wheat","1989","1989","kg/ha","1481.1","A","Official figure",""
"QCL","Crops and livestock products","002","Africa","5510","Production","0111","Wheat","1989","1989","t","12744731","A","Official figure",""
"QCL","Crops and livestock products","002","Africa","5312","Area harvested","0111","Wheat","1990","1990","ha","8567236","A","Official figure",""
"QCL","Crops and livestock products","002","Africa","5412","Yield","0111","Wheat","1990","1990","kg/ha","1598.1","A","Official figure",""
"QCL","Crops and livestock products","002","Africa","5510","Production","0111","Wheat","1990","1990","t","13691346","A","Official figure",""
"QCL","Crops and livestock products","002","Africa","5312","Area harvested","0111","Wheat","1991","1991","ha","9313604","A","Official figure",""
"QCL","Crops and livestock products","002","Africa","5412","Yield","0111","Wheat","1991","1991","kg/ha","1894.2","A","Official figure",""
"QCL","Crops and livestock products","002","Africa","5510","Production","0111","Wheat","1991","1991","t","17641420.9","A","Official figure",""
"QCL","Crops and livestock products","002","Africa","5312","Area harvested","0111","Wheat","1992","1992","ha","8053281","A","Official figure",""
"QCL","Crops and livestock products","002","Africa","5412","Yield","0111","Wheat","1992","1992","kg/ha","1649.5","A","Official figure",""
"QCL","Crops and livestock products","002","Africa","5510","Production","0111","Wheat","1992","1992","t","13283750.42","A","Official figure",""
"QCL","Crops and livestock products","002","Africa","5312","Area harvested","0111","Wheat","1993","1993","ha","8000093","A","Official figure",""
"QCL","Crops and livestock products","002","Africa","5412","Yield","0111","Wheat","1993","1993","kg/ha","1627.6","A","Official figure",""
"QCL","Crops and livestock products","002","Africa","5510","Production","0111","Wheat","1993","1993","t","13020656.34","A","Official figure",""
"QCL","Crops and livestock products","002","Africa","5312","Area harvested","0111","Wheat","1994","1994","ha","7958856","A","Official figure",""
"QCL","Crops and livestock products","002","Africa","5412","Yield","0111","Wheat","1994","1994","kg/ha","1915.1","A","Official figure",""
"QCL","Crops and livestock products","002","Africa","5510","Production","0111","Wheat","1994","1994","t","15242139.8","A","Official figure",""
"QCL","Crops and livestock products","002","Africa","5312","Area harvested","0111","Wheat","1995","1995","ha","8085170","A","Official figure",""
"QCL","Crops and livestock products","002","Africa","5412","Yield","0111","Wheat","1995","1995","kg/ha","1621.2","A","Official figure",""
"QCL","Crops and livestock products","002","Africa","5510","Production","0111","Wheat","1995","1995","t","13107704.88","A","Official figure",""
"QCL","Crops and livestock products","002","Africa","5312","Area harvested","0111","Wheat","1996","1996","ha","10868447","A","Official figure",""
"QCL","Crops and livestock products","002","Africa","5412","Yield","0111","Wheat","1996","1996","kg/ha","2028.4","A","Official figure",""
"QCL","Crops and livestock products","002","Africa","5510","Production","0111","Wheat","1996","1996","t","22046063.31","A","Official figure",""
"QCL","Crops and livestock products","002","Africa","5312","Area harvested","0111","Wheat","1997","1997","ha","8267095","A","Official figure",""
"QCL","Crops and livestock products","002","Africa","5412","Yield","0111","Wheat","1997","1997","kg/ha","1797.6","A","Official figure",""
"QCL","Crops and livestock products","002","Africa","5510","Production","0111","Wheat","1997","1997","t","14861008.82","A","Official figure",""
"QCL","Crops and livestock products","002","Africa","5312","Area harvested","0111","Wheat","1998","1998","ha","10083545","A","Official figure",""
"QCL","Crops and livestock products","002","Africa","5412","Yield","0111","Wheat","1998","1998","kg/ha","1864.2","A","Official figure",""
"QCL","Crops and livestock products","002","Africa","5510","Production","0111","Wheat","1998","1998","t","18797287.55","A","Official figure",""
"QCL","Crops and livestock products","002","Africa","5312","Area harvested","0111","Wheat","1999","1999","ha","8504319","A","Official figure",""
"QCL","Crops and livestock products","002","Africa","5412","Yield","0111","Wheat","1999","1999","kg/ha","1809.9","A","Official figure",""
"QCL","Crops and livestock products","002","Africa","5510","Production","0111","Wheat","1999","1999","t","15392114.72","A","Official figure",""
"QCL","Crops and livestock products","002","Africa","5312","Area harvested","0111","Wheat","2000","2000","ha","8145050","A","Official figure",""
"QCL","Crops and livestock products","002","Africa","5412","Yield","0111","Wheat","2000","2000","kg/ha","1752","A","Official figure",""
"QCL","Crops and livestock products","002","Africa","5510","Production","0111","Wheat","2000","2000","t","14269828.29","A","Official figure",""
"QCL","Crops and livestock products","002","Africa","5312","Area harvested","0111","Wheat","2001","2001","ha","8942008","A","Official figure",""
"QCL","Crops and livestock products","002","Africa","5412","Yield","0111","Wheat","2001","2001","kg/ha","2024.5","A","Official figure",""
"QCL","Crops and livestock products","002","Africa","5510","Production","0111","Wheat","2001","2001","t","18103489.44","A","Official figure",""
"QCL","Crops and livestock products","002","Africa","5312","Area harvested","0111","Wheat","2002","2002","ha","7980209","A","Official figure",""
"QCL","Crops and livestock products","002","Africa","5412","Yield","0111","Wheat","2002","2002","kg/ha","2128.3","A","Official figure",""
"QCL","Crops and livestock products","002","Africa","5510","Production","0111","Wheat","2002","2002","t","16984239.22","A","Official figure",""
"QCL","Crops and livestock products","002","Africa","5312","Area harvested","0111","Wheat","2003","2003","ha","9690908","A","Official figure",""
"QCL","Crops and livestock products","002","Africa","5412","Yield","0111","Wheat","2003","2003","kg/ha","2213.1","A","Official figure",""
"QCL","Crops and livestock products","002","Africa","5510","Production","0111","Wheat","2003","2003","t","21447148.04","A","Official figure",""
"QCL","Crops and livestock products","002","Africa","5312","Area harvested","0111","Wheat","2004","2004","ha","9933294","A","Official figure",""
"QCL","Crops and livestock products","002","Africa","5412","Yield","0111","Wheat","2004","2004","kg/ha","2213.7","A","Official figure",""
"QCL","Crops and livestock products","002","Africa","5510","Production","0111","Wheat","2004","2004","t","21989204.84","A","Official figure",""
"QCL","Crops and livestock products","002","Africa","5312","Area harvested","0111","Wheat","2005","2005","ha","9784490","A","Official figure",""
"QCL","Crops and livestock products","002","Africa","5412","Yield","0111","Wheat","2005","2005","kg/ha","2135.3","A","Official figure",""
"QCL","Crops and livestock products","002","Africa","5510","Production","0111","Wheat","2005","2005","t","20892872.68","A","Official figure",""
"QCL","Crops and livestock products","002","Africa","5312","Area harvested","0111","Wheat","2006","2006","ha","10016406","A","Official figure",""
"QCL","Crops and livestock products","002","Africa","5412","Yield","0111","Wheat","2006","2006","kg/ha","2458.3","A","Official figure",""
"QCL","Crops and livestock products","002","Africa","5510","Production","0111","Wheat","2006","2006","t","24623312.27","A","Official figure",""
"QCL","Crops and livestock products","002","Africa","5312","Area harvested","0111","Wheat","2007","2007","ha","9283622","A","Official figure",""
"QCL","Crops and livestock products","002","Africa","5412","Yield","0111","Wheat","2007","2007","kg/ha","2040.9","A","Official figure",""
"QCL","Crops and livestock products","002","Africa","5510","Production","0111","Wheat","2007","2007","t","18947029.57","A","Official figure",""
"QCL","Crops and livestock products","002","Africa","5312","Area harvested","0111","Wheat","2008","2008","ha","8618332","A","Official figure",""
"QCL","Crops and livestock products","002","Africa","5412","Yield","0111","Wheat","2008","2008","kg/ha","2284.7","A","Official figure",""
"QCL","Crops and livestock products","002","Africa","5510","Production","0111","Wheat","2008","2008","t","19690693.9","A","Official figure",""
"QCL","Crops and livestock products","002","Africa","5312","Area harvested","0111","Wheat","2009","2009","ha","10351739","A","Official figure",""
"QCL","Crops and livestock products","002","Africa","5412","Yield","0111","Wheat","2009","2009","kg/ha","2522.8","A","Official figure",""
"QCL","Crops and livestock products","002","Africa","5510","Production","0111","Wheat","2009","2009","t","26115227.87","A","Official figure",""
"QCL","Crops and livestock products","002","Africa","5312","Area harvested","0111","Wheat","2010","2010","ha","9549807","A","Official figure",""
"QCL","Crops and livestock products","002","Africa","5412","Yield","0111","Wheat","2010","2010","kg/ha","2284.2","A","Official figure",""
"QCL","Crops and livestock products","002","Africa","5510","Production","0111","Wheat","2010","2010","t","21813270.48","A","Official figure",""
"QCL","Crops and livestock products","002","Africa","5312","Area harvested","0111","Wheat","2011","2011","ha","10062903","A","Official figure",""
"QCL","Crops and livestock products","002","Africa","5412","Yield","0111","Wheat","2011","2011","kg/ha","2533.7","A","Official figure",""
"QCL","Crops and livestock products","002","Africa","5510","Production","0111","Wheat","2011","2011","t","25496262.46","A","Official figure",""
"QCL","Crops and livestock products","002","Africa","5312","Area harvested","0111","Wheat","2012","2012","ha","10302941","A","Official figure",""
"QCL","Crops and livestock products","002","Africa","5412","Yield","0111","Wheat","2012","2012","kg/ha","2393","A","Official figure",""
"QCL","Crops and livestock products","002","Africa","5510","Production","0111","Wheat","2012","2012","t","24655299.87","A","Official figure",""
"QCL","Crops and livestock products","002","Africa","5312","Area harvested","0111","Wheat","2013","2013","ha","10052228","A","Official figure",""
"QCL","Crops and livestock products","002","Africa","5412","Yield","0111","Wheat","2013","2013","kg/ha","2791.9","A","Official figure",""
"QCL","Crops and livestock products","002","Africa","5510","Production","0111","Wheat","2013","2013","t","28064701.29","A","Official figure",""
"QCL","Crops and livestock products","002","Africa","5312","Area harvested","0111","Wheat","2014","2014","ha","9897598","A","Official figure",""
"QCL","Crops and livestock products","002","Africa","5412","Yield","0111","Wheat","2014","2014","kg/ha","2569.9","E","Estimated value",""
"QCL","Crops and livestock products","002","Africa","5510","Production","0111","Wheat","2014","2014","t","25436127.23","E","Estimated value",""
"QCL","Crops and livestock products","002","Africa","5312","Area harvested","0111","Wheat","2015","2015","ha","10221418","A","Official figure",""
"QCL","Crops and livestock products","002","Africa","5412","Yield","0111","Wheat","2015","2015","kg/ha","2845.6","A","Official figure",""
"QCL","Crops and livestock products","002","Africa","5510","Production","0111","Wheat","2015","2015","t","29085901.63","A","Official figure",""
"QCL","Crops and livestock products","002","Africa","5312","Area harvested","0111","Wheat","2016","2016","ha","9660323","A","Official figure",""
"QCL","Crops and livestock products","002","Africa","5412","Yield","0111","Wheat","2016","2016","kg/ha","2416.8","A","Official figure",""
"QCL","Crops and livestock products","002","Africa","5510","Production","0111","Wheat","2016","2016","t","23347033.14","A","Official figure",""
"QCL","Crops and livestock products","002","Africa","5312","Area harvested","0111","Wheat","2017","2017","ha","10484304","A","Official figure",""
"QCL","Crops and livestock products","002","Africa","5412","Yield","0111","Wheat","2017","2017","kg/ha","2553.9","A","Official figure",""
"QCL","Crops and livestock products","002","Africa","5510","Production","0111","Wheat","2017","2017","t","26775708.21","A","Official figure",""
"QCL","Crops and livestock products","002","Africa","5312","Area harvested","0111","Wheat","2018","2018","ha","10147998","A","Official figure",""
"QCL","Crops and livestock products","002","Africa","5412","Yield","0111","Wheat","2018","2018","kg/ha","2917.4","A","Official figure",""
"QCL","Crops and livestock products","002","Africa","5510","Production","0111","Wheat","2018","2018","t","29605960.76","A","Official figure",""
"QCL","Crops and livestock products","002","Africa","5312","Area harvested","0111","Wheat","2019","2019","ha","9811823","A","Official figure",""
"QCL","Crops and livestock products","002","Africa","5412","Yield","0111","Wheat","2019","2019","kg/ha","2724.9","A","Official figure",""
"QCL","Crops and livestock products","002","Africa","5510","Production","0111","Wheat","2019","2019","t","26736126.39","A","Official figure",""
"QCL","Crops and livestock products","002","Africa","5312","Area harvested","0111","Wheat","2020","2020","ha","10151692","A","Official figure",""
"QCL","Crops and livestock products","002","Africa","5412","Yield","0111","Wheat","2020","2020","kg/ha","2531.3","A","Official figure",""
"QCL","Crops and livestock products","002","Africa","5510","Production","0111","Wheat","2020","2020","t","25697254.86","A","Official figure",""
"QCL","Crops and livestock products","002","Africa","5312","Area harvested","0111","Wheat","2021","2021","ha","9809707","A","Official figure",""
"QCL","Crops and livestock products","002","Africa","5412","Yield","0111","Wheat","2021","2021","kg/ha","3183.7","A","Official figure",""
"QCL","Crops and livestock products","002","Africa","5510","Production","0111","Wheat","2021","2021","t","31231382.63","A","Official figure",""
"QCL","Crops and livestock products","002","Africa","5312","Area harvested","0111","Wheat","2022","2022","ha","9675450","A","Official figure",""
"QCL","Crops and livestock products","002","Africa","5412","Yield","0111","Wheat","2022","2022","kg/ha","2743.5","A","Official figure",""
"QCL","Crops and livestock products","002","Africa","5510","Production","0111","Wheat","2022","2022","t","26545028.71","A","Official figure",""
"QCL","Crops and livestock products","002","Africa","5312","Area harvested","0111","Wheat","2023","2023","ha","9407394","E","Estimated value",""
"QCL","Crops and livestock products","002","Africa","5412","Yield","0111","Wheat","2023","2023","kg/ha","2789","E","Estimated value",""
"QCL","Crops and livestock products","002","Africa","5510","Production","0111","Wheat","2023","2023","t","26237003.23","E","Estimated value",""
"QCL","Crops and livestock products","002","Africa","5312","Area harvested","0111","Wheat","2024","2024","ha","8887724","E","Estimated value",""
"QCL","Crops and livestock products","002","Africa","5412","Yield","0111","Wheat","2024","2024","kg/ha","2936.7","E","Estimated value",""
"QCL","Crops and livestock products","002","Africa","5510","Production","0111","Wheat","2024","2024","t","26100872.9","E","Estimated value",""
"QCL","Crops and livestock products","019","Americas","5312","Area harvested","01929.01","Flax, raw or retted","1961","1961","ha","4905","E","Estimated value",""
"QCL","Crops and livestock products","019","Americas","5510","Production","01929.01","Flax, raw or retted","1961","1961","t","2451","E","Estimated value",""
"QCL","Crops and livestock products","019","Americas","5312","Area harvested","01929.01","Flax, raw or retted","1962","1962","ha","5930","E","Estimated value",""
"QCL","Crops and livestock products","019","Americas","5510","Production","01929.01","Flax, raw or retted","1962","1962","t","3325","E","Estimated value",""
"QCL","Crops and livestock products","019","Americas","5312","Area harvested","01929.01","Flax, raw or retted","1963","1963","ha","4130","E","Estimated value",""
"QCL","Crops and livestock products","019","Americas","5510","Production","01929.01","Flax, raw or retted","1963","1963","t","2370","E","Estimated value",""
"QCL","Crops and livestock products","019","Americas","5312","Area harvested","01929.01","Flax, raw or retted","1964","1964","ha","5146","E","Estimated value",""
"QCL","Crops and livestock products","019","Americas","5510","Production","01929.01","Flax, raw or retted","1964","1964","t","3034","E","Estimated value",""
"QCL","Crops and livestock products","019","Americas","5312","Area harvested","01929.01","Flax, raw or retted","1965","1965","ha","5320","E","Estimated value",""
"QCL","Crops and livestock products","019","Americas","5510","Production","01929.01","Flax, raw or retted","1965","1965","t","2806","E","Estimated value",""
"QCL","Crops and livestock products","019","Americas","5312","Area harvested","01929.01","Flax, raw or retted","1966","1966","ha","5660","E","Estimated value",""
"QCL","Crops and livestock products","019","Americas","5510","Production","01929.01","Flax, raw or retted","1966","1966","t","3046","E","Estimated value",""
"QCL","Crops and livestock products","019","Americas","5312","Area harvested","01929.01","Flax, raw or retted","1967","1967","ha","5600","E","Estimated value",""
"QCL","Crops and livestock products","019","Americas","5510","Production","01929.01","Flax, raw or retted","1967","1967","t","3055","E","Estimated value",""
"QCL","Crops and livestock products","019","Americas","5312","Area harvested","01929.01","Flax, raw or retted","1968","1968","ha","5500","E","Estimated value",""
"QCL","Crops and livestock products","019","Americas","5510","Production","01929.01","Flax, raw or retted","1968","1968","t","3100","E","Estimated value",""
"QCL","Crops and livestock products","019","Americas","5312","Area harvested","01929.01","Flax, raw or retted","1969","1969","ha","7000","E","Estimated value",""
"QCL","Crops and livestock products","019","Americas","5510","Production","01929.01","Flax, raw or retted","1969","1969","t","4405","E","Estimated value",""
"QCL","Crops and livestock products","019","Americas","5312","Area harvested","01929.01","Flax, raw or retted","1970","1970","ha","5350","E","Estimated value",""
"QCL","Crops and livestock products","019","Americas","5510","Production","01929.01","Flax, raw or retted","1970","1970","t","3771","X","Figure from external organization",""
"QCL","Crops and livestock products","019","Americas","5312","Area harvested","01929.01","Flax, raw or retted","1971","1971","ha","4600","E","Estimated value",""
"QCL","Crops and livestock products","019","Americas","5510","Production","01929.01","Flax, raw or retted","1971","1971","t","3260","X","Figure from external organization",""
"QCL","Crops and livestock products","019","Americas","5312","Area harvested","01929.01","Flax, raw or retted","1972","1972","ha","4900","E","Estimated value",""
"QCL","Crops and livestock products","019","Americas","5510","Production","01929.01","Flax, raw or retted","1972","1972","t","3240","E","Estimated value",""
"QCL","Crops and livestock products","019","Americas","5312","Area harvested","01929.01","Flax, raw or retted","1973","1973","ha","3550","E","Estimated value",""
"QCL","Crops and livestock products","019","Americas","5510","Production","01929.01","Flax, raw or retted","1973","1973","t","2390","E","Estimated value",""
"QCL","Crops and livestock products","019","Americas","5312","Area harvested","01929.01","Flax, raw or retted","1974","1974","ha","4100","E","Estimated value",""
"QCL","Crops and livestock products","019","Americas","5510","Production","01929.01","Flax, raw or retted","1974","1974","t","3040","E","Estimated value",""
"QCL","Crops and livestock products","019","Americas","5312","Area harvested","01929.01","Flax, raw or retted","1975","1975","ha","4070","E","Estimated value",""
"QCL","Crops and livestock products","019","Americas","5510","Production","01929.01","Flax, raw or retted","1975","1975","t","3305","E","Estimated value",""
"QCL","Crops and livestock products","019","Americas","5312","Area harvested","01929.01","Flax, raw or retted","1976","1976","ha","4350","E","Estimated value",""
"QCL","Crops and livestock products","019","Americas","5510","Production","01929.01","Flax, raw or retted","1976","1976","t","3536","E","Estimated value",""
"QCL","Crops and livestock products","019","Americas","5312","Area harvested","01929.01","Flax, raw or retted","1977","1977","ha","4150","E","Estimated value",""
"QCL","Crops and livestock products","019","Americas","5510","Production","01929.01","Flax, raw or retted","1977","1977","t","3410","E","Estimated value",""
"QCL","Crops and livestock products","019","Americas","5312","Area harvested","01929.01","Flax, raw or retted","1978","1978","ha","4450","E","Estimated value",""
"QCL","Crops and livestock products","019","Americas","5510","Production","01929.01","Flax, raw or retted","1978","1978","t","3470","E","Estimated value",""
"QCL","Crops and livestock products","019","Americas","5312","Area harvested","01929.01","Flax, raw or retted","1979","1979","ha","4250","E","Estimated value",""
"QCL","Crops and livestock products","019","Americas","5510","Production","01929.01","Flax, raw or retted","1979","1979","t","3410","E","Estimated value",""
"QCL","Crops and livestock products","019","Americas","5312","Area harvested","01929.01","Flax, raw or retted","1980","1980","ha","4200","E","Estimated value",""
"QCL","Crops and livestock products","019","Americas","5510","Production","01929.01","Flax, raw or retted","1980","1980","t","3320","E","Estimated value",""
"QCL","Crops and livestock products","019","Americas","5312","Area harvested","01929.01","Flax, raw or retted","1981","1981","ha","4250","E","Estimated value",""
"QCL","Crops and livestock products","019","Americas","5510","Production","01929.01","Flax, raw or retted","1981","1981","t","3350","E","Estimated value",""
"QCL","Crops and livestock products","019","Americas","5312","Area harvested","01929.01","Flax, raw or retted","1982","1982","ha","4250","E","Estimated value",""
"QCL","Crops and livestock products","019","Americas","5510","Production","01929.01","Flax, raw or retted","1982","1982","t","3400","E","Estimated value",""
"QCL","Crops and livestock products","019","Americas","5312","Area harvested","01929.01","Flax, raw or retted","1983","1983","ha","4250","E","Estimated value",""
"QCL","Crops and livestock products","019","Americas","5510","Production","01929.01","Flax, raw or retted","1983","1983","t","3400","E","Estimated value",""
"QCL","Crops and livestock products","019","Americas","5312","Area harvested","01929.01","Flax, raw or retted","1984","1984","ha","4250","E","Estimated value",""
"QCL","Crops and livestock products","019","Americas","5510","Production","01929.01","Flax, raw or retted","1984","1984","t","3400","E","Estimated value",""
"QCL","Crops and livestock products","019","Americas","5312","Area harvested","01929.01","Flax, raw or retted","1985","1985","ha","4250","E","Estimated value",""
"QCL","Crops and livestock products","019","Americas","5510","Production","01929.01","Flax, raw or retted","1985","1985","t","3400","E","Estimated value",""
"QCL","Crops and livestock products","019","Americas","5312","Area harvested","01929.01","Flax, raw or retted","1986","1986","ha","4200","E","Estimated value",""
"QCL","Crops and livestock products","019","Americas","5510","Production","01929.01","Flax, raw or retted","1986","1986","t","3400","E","Estimated value",""
"QCL","Crops and livestock products","019","Americas","5312","Area harvested","01929.01","Flax, raw or retted","1987","1987","ha","4200","E","Estimated value",""
"QCL","Crops and livestock products","019","Americas","5510","Production","01929.01","Flax, raw or retted","1987","1987","t","3400","E","Estimated value",""
"QCL","Crops and livestock products","019","Americas","5312","Area harvested","01929.01","Flax, raw or retted","1988","1988","ha","4400","E","Estimated value",""
"QCL","Crops and livestock products","019","Americas","5510","Production","01929.01","Flax, raw or retted","1988","1988","t","3500","E","Estimated value",""
"QCL","Crops and livestock products","019","Americas","5312","Area harvested","01929.01","Flax, raw or retted","1989","1989","ha","4400","E","Estimated value",""
"QCL","Crops and livestock products","019","Americas","5510","Production","01929.01","Flax, raw or retted","1989","1989","t","3500","E","Estimated value",""
"QCL","Crops and livestock products","019","Americas","5312","Area harvested","01929.01","Flax, raw or retted","1990","1990","ha","4570","E","Estimated value",""
"QCL","Crops and livestock products","019","Americas","5510","Production","01929.01","Flax, raw or retted","1990","1990","t","3660","E","Estimated value",""
"QCL","Crops and livestock products","019","Americas","5312","Area harvested","01929.01","Flax, raw or retted","1991","1991","ha","4117","E","Estimated value",""
"QCL","Crops and livestock products","019","Americas","5510","Production","01929.01","Flax, raw or retted","1991","1991","t","3156.6","E","Estimated value",""
"QCL","Crops and livestock products","019","Americas","5312","Area harvested","01929.01","Flax, raw or retted","1992","1992","ha","4288","E","Estimated value",""
"QCL","Crops and livestock products","019","Americas","5510","Production","01929.01","Flax, raw or retted","1992","1992","t","3330.03","E","Estimated value",""
"QCL","Crops and livestock products","019","Americas","5312","Area harvested","01929.01","Flax, raw or retted","1993","1993","ha","4457","E","Estimated value",""
"QCL","Crops and livestock products","019","Americas","5510","Production","01929.01","Flax, raw or retted","1993","1993","t","3503.45","E","Estimated value",""
"QCL","Crops and livestock products","019","Americas","5312","Area harvested","01929.01","Flax, raw or retted","1994","1994","ha","4552","E","Estimated value",""
"QCL","Crops and livestock products","019","Americas","5510","Production","01929.01","Flax, raw or retted","1994","1994","t","3593.67","E","Estimated value",""
"QCL","Crops and livestock products","019","Americas","5312","Area harvested","01929.01","Flax, raw or retted","1995","1995","ha","4642","E","Estimated value",""
"QCL","Crops and livestock products","019","Americas","5510","Production","01929.01","Flax, raw or retted","1995","1995","t","3699.6","E","Estimated value",""
"QCL","Crops and livestock products","019","Americas","5312","Area harvested","01929.01","Flax, raw or retted","1996","1996","ha","4770","E","Estimated value",""
"QCL","Crops and livestock products","019","Americas","5510","Production","01929.01","Flax, raw or retted","1996","1996","t","3823.71","E","Estimated value",""
"QCL","Crops and livestock products","019","Americas","5312","Area harvested","01929.01","Flax, raw or retted","1997","1997","ha","4757","E","Estimated value",""
"QCL","Crops and livestock products","019","Americas","5510","Production","01929.01","Flax, raw or retted","1997","1997","t","3855.26","E","Estimated value",""
"QCL","Crops and livestock products","019","Americas","5312","Area harvested","01929.01","Flax, raw or retted","1998","1998","ha","4800","E","Estimated value",""
"QCL","Crops and livestock products","019","Americas","5510","Production","01929.01","Flax, raw or retted","1998","1998","t","3921.65","E","Estimated value",""
"QCL","Crops and livestock products","019","Americas","5312","Area harvested","01929.01","Flax, raw or retted","1999","1999","ha","4776","E","Estimated value",""
"QCL","Crops and livestock products","019","Americas","5510","Production","01929.01","Flax, raw or retted","1999","1999","t","3945.15","E","Estimated value",""
"QCL","Crops and livestock products","019","Americas","5312","Area harvested","01929.01","Flax, raw or retted","2000","2000","ha","4803","E","Estimated value",""
"QCL","Crops and livestock products","019","Americas","5510","Production","01929.01","Flax, raw or retted","2000","2000","t","4010.57","E","Estimated value",""
"QCL","Crops and livestock products","019","Americas","5312","Area harvested","01929.01","Flax, raw or retted","2001","2001","ha","4898","E","Estimated value",""
"QCL","Crops and livestock products","019","Americas","5510","Production","01929.01","Flax, raw or retted","2001","2001","t","4116.8","E","Estimated value",""
"QCL","Crops and livestock products","019","Americas","5312","Area harvested","01929.01","Flax, raw or retted","2002","2002","ha","4952","E","Estimated value",""
"QCL","Crops and livestock products","019","Americas","5510","Production","01929.01","Flax, raw or retted","2002","2002","t","4179.42","E","Estimated value",""
"QCL","Crops and livestock products","019","Americas","5312","Area harvested","01929.01","Flax, raw or retted","2003","2003","ha","5014","E","Estimated value",""
"QCL","Crops and livestock products","019","Americas","5510","Production","01929.01","Flax, raw or retted","2003","2003","t","4247.52","E","Estimated value",""
"QCL","Crops and livestock products","019","Americas","5312","Area harvested","01929.01","Flax, raw or retted","2004","2004","ha","5131","E","Estimated value",""
"QCL","Crops and livestock products","019","Americas","5510","Production","01929.01","Flax, raw or retted","2004","2004","t","4371.6","E","Estimated value",""
"QCL","Crops and livestock products","019","Americas","5312","Area harvested","01929.01","Flax, raw or retted","2005","2005","ha","5252","E","Estimated value",""
"QCL","Crops and livestock products","019","Americas","5510","Production","01929.01","Flax, raw or retted","2005","2005","t","4501.04","E","Estimated value",""
"QCL","Crops and livestock products","019","Americas","5312","Area harvested","01929.01","Flax, raw or retted","2006","2006","ha","5400","E","Estimated value",""
"QCL","Crops and livestock products","019","Americas","5510","Production","01929.01","Flax, raw or retted","2006","2006","t","4600","E","Estimated value",""
"QCL","Crops and livestock products","019","Americas","5312","Area harvested","01929.01","Flax, raw or retted","2007","2007","ha","5451","E","Estimated value",""
"QCL","Crops and livestock products","019","Americas","5510","Production","01929.01","Flax, raw or retted","2007","2007","t","4709.8","E","Estimated value",""
"QCL","Crops and livestock products","019","Americas","5312","Area harvested","01929.01","Flax, raw or retted","2008","2008","ha","5494","E","Estimated value",""
"QCL","Crops and livestock products","019","Americas","5510","Production","01929.01","Flax, raw or retted","2008","2008","t","4874.96","E","Estimated value",""
"QCL","Crops and livestock products","019","Americas","5312","Area harvested","01929.01","Flax, raw or retted","2009","2009","ha","5536","E","Estimated value",""
"QCL","Crops and livestock products","019","Americas","5510","Production","01929.01","Flax, raw or retted","2009","2009","t","4988.93","E","Estimated value",""
"QCL","Crops and livestock products","019","Americas","5312","Area harvested","01929.01","Flax, raw or retted","2010","2010","ha","5549","E","Estimated value",""
"QCL","Crops and livestock products","019","Americas","5510","Production","01929.01","Flax, raw or retted","2010","2010","t","5073.99","E","Estimated value",""
"QCL","Crops and livestock products","019","Americas","5312","Area harvested","01929.01","Flax, raw or retted","2011","2011","ha","5668","E","Estimated value",""
"QCL","Crops and livestock products","019","Americas","5510","Production","01929.01","Flax, raw or retted","2011","2011","t","5275.38","E","Estimated value",""
"QCL","Crops and livestock products","019","Americas","5312","Area harvested","01929.01","Flax, raw or retted","2012","2012","ha","5610","E","Estimated value",""
"QCL","Crops and livestock products","019","Americas","5510","Production","01929.01","Flax, raw or retted","2012","2012","t","5400","E","Estimated value",""
"QCL","Crops and livestock products","019","Americas","5312","Area harvested","01929.01","Flax, raw or retted","2013","2013","ha","5600","E","Estimated value",""
"QCL","Crops and livestock products","019","Americas","5510","Production","01929.01","Flax, raw or retted","2013","2013","t","5700","E","Estimated value",""
"QCL","Crops and livestock products","019","Americas","5312","Area harvested","01929.01","Flax, raw or retted","2014","2014","ha","5500","E","Estimated value",""
"QCL","Crops and livestock products","019","Americas","5510","Production","01929.01","Flax, raw or retted","2014","2014","t","5499.45","E","Estimated value",""
"QCL","Crops and livestock products","019","Americas","5312","Area harvested","01929.01","Flax, raw or retted","2015","2015","ha","5592","E","Estimated value",""
"QCL","Crops and livestock products","019","Americas","5510","Production","01929.01","Flax, raw or retted","2015","2015","t","5480.74","E","Estimated value",""
"QCL","Crops and livestock products","019","Americas","5312","Area harvested","01929.01","Flax, raw or retted","2016","2016","ha","5681","E","Estimated value",""
"QCL","Crops and livestock products","019","Americas","5510","Production","01929.01","Flax, raw or retted","2016","2016","t","5626.41","E","Estimated value",""
"QCL","Crops and livestock products","019","Americas","5312","Area harvested","01929.01","Flax, raw or retted","2017","2017","ha","5794","E","Estimated value",""
"QCL","Crops and livestock products","019","Americas","5510","Production","01929.01","Flax, raw or retted","2017","2017","t","5649.19","E","Estimated value",""
"QCL","Crops and livestock products","019","Americas","5312","Area harvested","01929.01","Flax, raw or retted","2018","2018","ha","5757","E","Estimated value",""
"QCL","Crops and livestock products","019","Americas","5510","Production","01929.01","Flax, raw or retted","2018","2018","t","5671.66","E","Estimated value",""
"QCL","Crops and livestock products","019","Americas","5312","Area harvested","01929.01","Flax, raw or retted","2019","2019","ha","5735","E","Estimated value",""
"QCL","Crops and livestock products","019","Americas","5510","Production","01929.01","Flax, raw or retted","2019","2019","t","5643.38","E","Estimated value",""
"QCL","Crops and livestock products","019","Americas","5312","Area harvested","01929.01","Flax, raw or retted","2020","2020","ha","5740","E","Estimated value",""
"QCL","Crops and livestock products","019","Americas","5510","Production","01929.01","Flax, raw or retted","2020","2020","t","5659.08","E","Estimated value",""
"QCL","Crops and livestock products","019","Americas","5312","Area harvested","01929.01","Flax, raw or retted","2021","2021","ha","5699","E","Estimated value",""
"QCL","Crops and livestock products","019","Americas","5510","Production","01929.01","Flax, raw or retted","2021","2021","t","5671.87","E","Estimated value",""
"QCL","Crops and livestock products","019","Americas","5312","Area harvested","01929.01","Flax, raw or retted","2022","2022","ha","5699","E","Estimated value",""
"QCL","Crops and livestock products","019","Americas","5510","Production","01929.01","Flax, raw or retted","2022","2022","t","5670.56","E","Estimated value",""
"QCL","Crops and livestock products","019","Americas","5312","Area harvested","01929.01","Flax, raw or retted","2023","2023","ha","5700","E","Estimated value",""
"QCL","Crops and livestock products","019","Americas","5510","Production","01929.01","Flax, raw or retted","2023","2023","t","5700","E","Estimated value",""
"QCL","Crops and livestock products","019","Americas","5312","Area harvested","01929.01","Flax, raw or retted","2024","2024","ha","5700","E","Estimated value",""
"QCL","Crops and livestock products","019","Americas","5510","Production","01929.01","Flax, raw or retted","2024","2024","t","5700","E","Estimated value",""
"QCL","Crops and livestock products","019","Americas","5312","Area harvested","0116","Rye","1961","1961","ha","1584176","A","Official figure",""
"QCL","Crops and livestock products","019","Americas","5412","Yield","0116","Rye","1961","1961","kg/ha","882.2","A","Official figure",""
"QCL","Crops and livestock products","019","Americas","5510","Production","0116","Rye","1961","1961","t","1397485","A","Official figure",""
"QCL","Crops and livestock products","019","Americas","5312","Area harvested","0116","Rye","1962","1962","ha","1384432","A","Official figure",""
"QCL","Crops and livestock products","019","Americas","5412","Yield","0116","Rye","1962","1962","kg/ha","1110","A","Official figure",""
"QCL","Crops and livestock products","019","Americas","5510","Production","0116","Rye","1962","1962","t","1536761","A","Official figure",""
"QCL","Crops and livestock products","019","Americas","5312","Area harvested","0116","Rye","1963","1963","ha","1615954","A","Official figure",""
"QCL","Crops and livestock products","019","Americas","5412","Yield","0116","Rye","1963","1963","kg/ha","1023.9","A","Official figure",""
"QCL","Crops and livestock products","019","Americas","5510","Production","0116","Rye","1963","1963","t","1654644","A","Official figure",""
"QCL","Crops and livestock products","019","Americas","5312","Area harvested","0116","Rye","1964","1964","ha","1773704","A","Official figure",""
"QCL","Crops and livestock products","019","Americas","5412","Yield","0116","Rye","1964","1964","kg/ha","1025.3","A","Official figure",""
"QCL","Crops and livestock products","019","Americas","5510","Production","0116","Rye","1964","1964","t","1818563","A","Official figure",""
"QCL","Crops and livestock products","019","Americas","5312","Area harvested","0116","Rye","1965","1965","ha","1283893","A","Official figure",""
"QCL","Crops and livestock products","019","Americas","5412","Yield","0116","Rye","1965","1965","kg/ha","1224.6","A","Official figure",""
"QCL","Crops and livestock products","019","Americas","5510","Production","0116","Rye","1965","1965","t","1572290","A","Official figure",""
"QCL","Crops and livestock products","019","Americas","5312","Area harvested","0116","Rye","1966","1966","ha","1264484","A","Official figure",""
"QCL","Crops and livestock products","019","Americas","5412","Yield","0116","Rye","1966","1966","kg/ha","1142.1","A","Official figure",""
"QCL","Crops and livestock products","019","Americas","5510","Production","0116","Rye","1966","1966","t","1444151","A","Official figure",""
"QCL","Crops and livestock products","019","Americas","5312","Area harvested","0116","Rye","1967","1967","ha","1306266","A","Official figure",""
"QCL","Crops and livestock products","019","Americas","5412","Yield","0116","Rye","1967","1967","kg/ha","990.3","A","Official figure",""
"QCL","Crops and livestock products","019","Americas","5510","Production","0116","Rye","1967","1967","t","1293533","A","Official figure",""
"QCL","Crops and livestock products","019","Americas","5312","Area harvested","0116","Rye","1968","1968","ha","1316614","A","Official figure",""
"QCL","Crops and livestock products","019","Americas","5412","Yield","0116","Rye","1968","1968","kg/ha","990.8","A","Official figure",""
"QCL","Crops and livestock products","019","Americas","5510","Production","0116","Rye","1968","1968","t","1304486","A","Official figure",""
"QCL","Crops and livestock products","019","Americas","5312","Area harvested","0116","Rye","1969","1969","ha","1431511","A","Official figure",""
"QCL","Crops and livestock products","019","Americas","5412","Yield","0116","Rye","1969","1969","kg/ha","1090.8","A","Official figure",""
"QCL","Crops and livestock products","019","Americas","5510","Production","0116","Rye","1969","1969","t","1561515","A","Official figure",""
"QCL","Crops and livestock products","019","Americas","5312","Area harvested","0116","Rye","1970","1970","ha","1312613","A","Official figure",""
"QCL","Crops and livestock products","019","Americas","5412","Yield","0116","Rye","1970","1970","kg/ha","1241.6","A","Official figure",""
"QCL","Crops and livestock products","019","Americas","5510","Production","0116","Rye","1970","1970","t","1629727","A","Official figure",""
"QCL","Crops and livestock products","019","Americas","5312","Area harvested","0116","Rye","1971","1971","ha","1568333","A","Official figure",""
"QCL","Crops and livestock products","019","Americas","5412","Yield","0116","Rye","1971","1971","kg/ha","1338.2","A","Official figure",""
"QCL","Crops and livestock products","019","Americas","5510","Production","0116","Rye","1971","1971","t","2098677","A","Official figure",""
"QCL","Crops and livestock products","019","Americas","5312","Area harvested","0116","Rye","1972","1972","ha","1465768","A","Official figure",""
"QCL","Crops and livestock products","019","Americas","5412","Yield","0116","Rye","1972","1972","kg/ha","1217","A","Official figure",""
"QCL","Crops and livestock products","019","Americas","5510","Production","0116","Rye","1972","1972","t","1783817","A","Official figure",""
"QCL","Crops and livestock products","019","Americas","5312","Area harvested","0116","Rye","1973","1973","ha","1330967","A","Official figure",""
"QCL","Crops and livestock products","019","Americas","5412","Yield","0116","Rye","1973","1973","kg/ha","1225.1","A","Official figure",""
"QCL","Crops and livestock products","019","Americas","5510","Production","0116","Rye","1973","1973","t","1630626","A","Official figure",""
"QCL","Crops and livestock products","019","Americas","5312","Area harvested","0116","Rye","1974","1974","ha","1070235","A","Official figure",""
"QCL","Crops and livestock products","019","Americas","5412","Yield","0116","Rye","1974","1974","kg/ha","1202.4","A","Official figure",""
"QCL","Crops and livestock products","019","Americas","5510","Production","0116","Rye","1974","1974","t","1286884","A","Official figure",""
"QCL","Crops and livestock products","019","Americas","5312","Area harvested","0116","Rye","1975","1975","ha","960799","A","Official figure",""
"QCL","Crops and livestock products","019","Americas","5412","Yield","0116","Rye","1975","1975","kg/ha","1312.4","A","Official figure",""
"QCL","Crops and livestock products","019","Americas","5510","Production","0116","Rye","1975","1975","t","1260934","A","Official figure",""
"QCL","Crops and livestock products","019","Americas","5312","Area harvested","0116","Rye","1976","1976","ha","908260","A","Official figure",""
"QCL","Crops and livestock products","019","Americas","5412","Yield","0116","Rye","1976","1976","kg/ha","1291.8","A","Official figure",""
"QCL","Crops and livestock products","019","Americas","5510","Production","0116","Rye","1976","1976","t","1173281","A","Official figure",""
"QCL","Crops and livestock products","019","Americas","5312","Area harvested","0116","Rye","1977","1977","ha","788425","A","Official figure",""
"QCL","Crops and livestock products","019","Americas","5412","Yield","0116","Rye","1977","1977","kg/ha","1298.3","A","Official figure",""
"QCL","Crops and livestock products","019","Americas","5510","Production","0116","Rye","1977","1977","t","1023642","A","Official figure",""
"QCL","Crops and livestock products","019","Americas","5312","Area harvested","0116","Rye","1978","1978","ha","975941","A","Official figure",""
"QCL","Crops and livestock products","019","Americas","5412","Yield","0116","Rye","1978","1978","kg/ha","1482.6","A","Official figure",""
"QCL","Crops and livestock products","019","Americas","5510","Production","0116","Rye","1978","1978","t","1446957","A","Official figure",""
"QCL","Crops and livestock products","019","Americas","5312","Area harvested","0116","Rye","1979","1979","ha","923221","A","Official figure",""
"QCL","Crops and livestock products","019","Americas","5412","Yield","0116","Rye","1979","1979","kg/ha","1417.7","A","Official figure",""
"QCL","Crops and livestock products","019","Americas","5510","Production","0116","Rye","1979","1979","t","1308848","A","Official figure",""
"QCL","Crops and livestock products","019","Americas","5312","Area harvested","0116","Rye","1980","1980","ha","811110","A","Official figure",""
"QCL","Crops and livestock products","019","Americas","5412","Yield","0116","Rye","1980","1980","kg/ha","1281.5","A","Official figure",""
"QCL","Crops and livestock products","019","Americas","5510","Production","0116","Rye","1980","1980","t","1039408","A","Official figure",""
"QCL","Crops and livestock products","019","Americas","5312","Area harvested","0116","Rye","1981","1981","ha","917629","A","Official figure",""
"QCL","Crops and livestock products","019","Americas","5412","Yield","0116","Rye","1981","1981","kg/ha","1710.2","A","Official figure",""
"QCL","Crops and livestock products","019","Americas","5510","Production","0116","Rye","1981","1981","t","1569325","A","Official figure",""
"QCL","Crops and livestock products","019","Americas","5312","Area harvested","0116","Rye","1982","1982","ha","915850","A","Official figure",""
"QCL","Crops and livestock products","019","Americas","5412","Yield","0116","Rye","1982","1982","kg/ha","1728.2","A","Official figure",""
"QCL","Crops and livestock products","019","Americas","5510","Production","0116","Rye","1982","1982","t","1582810","A","Official figure",""
"QCL","Crops and livestock products","019","Americas","5312","Area harvested","0116","Rye","1983","1983","ha","958366","A","Official figure",""
"QCL","Crops and livestock products","019","Americas","5412","Yield","0116","Rye","1983","1983","kg/ha","1719.6","A","Official figure",""
"QCL","Crops and livestock products","019","Americas","5510","Production","0116","Rye","1983","1983","t","1648014","A","Official figure",""
"QCL","Crops and livestock products","019","Americas","5312","Area harvested","0116","Rye","1984","1984","ha","929403","A","Official figure",""
"QCL","Crops and livestock products","019","Americas","5412","Yield","0116","Rye","1984","1984","kg/ha","1764","A","Official figure",""
"QCL","Crops and livestock products","019","Americas","5510","Production","0116","Rye","1984","1984","t","1639512","A","Official figure",""
"QCL","Crops and livestock products","019","Americas","5312","Area harvested","0116","Rye","1985","1985","ha","750277","A","Official figure",""
"QCL","Crops and livestock products","019","Americas","5412","Yield","0116","Rye","1985","1985","kg/ha","1608.9","A","Official figure",""
"QCL","Crops and livestock products","019","Americas","5510","Production","0116","Rye","1985","1985","t","1207087","A","Official figure",""
"QCL","Crops and livestock products","019","Americas","5312","Area harvested","0116","Rye","1986","1986","ha","659640","E","Estimated value",""
"QCL","Crops and livestock products","019","Americas","5412","Yield","0116","Rye","1986","1986","kg/ha","1772.2","E","Estimated value",""
"QCL","Crops and livestock products","019","Americas","5510","Production","0116","Rye","1986","1986","t","1169020","A","Official figure",""
"QCL","Crops and livestock products","019","Americas","5312","Area harvested","0116","Rye","1987","1987","ha","689609","A","Official figure",""
"QCL","Crops and livestock products","019","Americas","5412","Yield","0116","Rye","1987","1987","kg/ha","1577","A","Official figure",""
"QCL","Crops and livestock products","019","Americas","5510","Production","0116","Rye","1987","1987","t","1087485","A","Official figure",""
"QCL","Crops and livestock products","019","Americas","5312","Area harvested","0116","Rye","1988","1988","ha","559687","A","Official figure",""
"QCL","Crops and livestock products","019","Americas","5412","Yield","0116","Rye","1988","1988","kg/ha","1231.5","A","Official figure",""
"QCL","Crops and livestock products","019","Americas","5510","Production","0116","Rye","1988","1988","t","689248","A","Official figure",""
"QCL","Crops and livestock products","019","Americas","5312","Area harvested","0116","Rye","1989","1989","ha","740649","A","Official figure",""
"QCL","Crops and livestock products","019","Americas","5412","Yield","0116","Rye","1989","1989","kg/ha","1660.3","A","Official figure",""
"QCL","Crops and livestock products","019","Americas","5510","Production","0116","Rye","1989","1989","t","1229682","A","Official figure",""
"QCL","Crops and livestock products","019","Americas","5312","Area harvested","0116","Rye","1990","1990","ha","569418","A","Official figure",""
"QCL","Crops and livestock products","019","Americas","5412","Yield","0116","Rye","1990","1990","kg/ha","1623","A","Official figure",""
"QCL","Crops and livestock products","019","Americas","5510","Production","0116","Rye","1990","1990","t","924164","A","Official figure",""
"QCL","Crops and livestock products","019","Americas","5312","Area harvested","0116","Rye","1991","1991","ha","418065","A","Official figure",""
"QCL","Crops and livestock products","019","Americas","5412","Yield","0116","Rye","1991","1991","kg/ha","1572.1","A","Official figure",""
"QCL","Crops and livestock products","019","Americas","5510","Production","0116","Rye","1991","1991","t","657257","A","Official figure",""
"QCL","Crops and livestock products","019","Americas","5312","Area harvested","0116","Rye","1992","1992","ha","365143","A","Official figure",""
"QCL","Crops and livestock products","019","Americas","5412","Yield","0116","Rye","1992","1992","kg/ha","1734.9","A","Official figure",""
"QCL","Crops and livestock products","019","Americas","5510","Production","0116","Rye","1992","1992","t","633475","A","Official figure",""
"QCL","Crops and livestock products","019","Americas","5312","Area harvested","0116","Rye","1993","1993","ha","371810","A","Official figure",""
"QCL","Crops and livestock products","019","Americas","5412","Yield","0116","Rye","1993","1993","kg/ha","1680","A","Official figure",""
"QCL","Crops and livestock products","019","Americas","5510","Production","0116","Rye","1993","1993","t","624628","A","Official figure",""
"QCL","Crops and livestock products","019","Americas","5312","Area harvested","0116","Rye","1994","1994","ha","433094","A","Official figure",""
"QCL","Crops and livestock products","019","Americas","5412","Yield","0116","Rye","1994","1994","kg/ha","1749.4","A","Official figure",""
"QCL","Crops and livestock products","019","Americas","5510","Production","0116","Rye","1994","1994","t","757673","A","Official figure",""
"QCL","Crops and livestock products","019","Americas","5312","Area harvested","0116","Rye","1995","1995","ha","378789","A","Official figure",""
"QCL","Crops and livestock products","019","Americas","5412","Yield","0116","Rye","1995","1995","kg/ha","1648.9","A","Official figure",""
"QCL","Crops and livestock products","019","Americas","5510","Production","0116","Rye","1995","1995","t","624594","A","Official figure",""
"QCL","Crops and livestock products","019","Americas","5312","Area harvested","0116","Rye","1996","1996","ha","359650","A","Official figure",""
"QCL","Crops and livestock products","019","Americas","5412","Yield","0116","Rye","1996","1996","kg/ha","1632.2","A","Official figure",""
"QCL","Crops and livestock products","019","Americas","5510","Production","0116","Rye","1996","1996","t","587031","A","Official figure",""
"QCL","Crops and livestock products","019","Americas","5312","Area harvested","0116","Rye","1997","1997","ha","342984","A","Official figure",""
"QCL","Crops and livestock products","019","Americas","5412","Yield","0116","Rye","1997","1997","kg/ha","1676.1","A","Official figure",""
"QCL","Crops and livestock products","019","Americas","5510","Production","0116","Rye","1997","1997","t","574872","A","Official figure",""
"QCL","Crops and livestock products","019","Americas","5312","Area harvested","0116","Rye","1998","1998","ha","451391","A","Official figure",""
"QCL","Crops and livestock products","019","Americas","5412","Yield","0116","Rye","1998","1998","kg/ha","1750.4","A","Official figure",""
"QCL","Crops and livestock products","019","Americas","5510","Production","0116","Rye","1998","1998","t","790117.96","A","Official figure",""
"QCL","Crops and livestock products","019","Americas","5312","Area harvested","0116","Rye","1999","1999","ha","392638","A","Official figure",""
"QCL","Crops and livestock products","019","Americas","5412","Yield","0116","Rye","1999","1999","kg/ha","1899.1","A","Official figure",""
"QCL","Crops and livestock products","019","Americas","5510","Production","0116","Rye","1999","1999","t","745666","A","Official figure",""
"QCL","Crops and livestock products","019","Americas","5312","Area harvested","0116","Rye","2000","2000","ha","334316","A","Official figure",""
"QCL","Crops and livestock products","019","Americas","5412","Yield","0116","Rye","2000","2000","kg/ha","1792.3","A","Official figure",""
"QCL","Crops and livestock products","019","Americas","5510","Production","0116","Rye","2000","2000","t","599180","A","Official figure",""
"QCL","Crops and livestock products","019","Americas","5312","Area harvested","0116","Rye","2001","2001","ha","322337","A","Official figure",""
"QCL","Crops and livestock products","019","Americas","5412","Yield","0116","Rye","2001","2001","kg/ha","1691.4","A","Official figure",""
"QCL","Crops and livestock products","019","Americas","5510","Production","0116","Rye","2001","2001","t","545201.69","A","Official figure",""
"QCL","Crops and livestock products","019","Americas","5312","Area harvested","0116","Rye","2002","2002","ha","252712","A","Official figure",""
"QCL","Crops and livestock products","019","Americas","5412","Yield","0116","Rye","2002","2002","kg/ha","1546.6","A","Official figure",""
"QCL","Crops and livestock products","019","Americas","5510","Production","0116","Rye","2002","2002","t","390834.52","A","Official figure",""
"QCL","Crops and livestock products","019","Americas","5312","Area harvested","0116","Rye","2003","2003","ha","336261","A","Official figure",""
"QCL","Crops and livestock products","019","Americas","5412","Yield","0116","Rye","2003","2003","kg/ha","1873.7","A","Official figure",""
"QCL","Crops and livestock products","019","Americas","5510","Production","0116","Rye","2003","2003","t","630046.78","A","Official figure",""
"QCL","Crops and livestock products","019","Americas","5312","Area harvested","0116","Rye","2004","2004","ha","320866","A","Official figure",""
"QCL","Crops and livestock products","019","Americas","5412","Yield","0116","Rye","2004","2004","kg/ha","2022.1","A","Official figure",""
"QCL","Crops and livestock products","019","Americas","5510","Production","0116","Rye","2004","2004","t","648838","A","Official figure",""
"QCL","Crops and livestock products","019","Americas","5312","Area harvested","0116","Rye","2005","2005","ha","317241","A","Official figure",""
"QCL","Crops and livestock products","019","Americas","5412","Yield","0116","Rye","2005","2005","kg/ha","1961.9","A","Official figure",""
"QCL","Crops and livestock products","019","Americas","5510","Production","0116","Rye","2005","2005","t","622399","A","Official figure",""
"QCL","Crops and livestock products","019","Americas","5312","Area harvested","0116","Rye","2006","2006","ha","307796","A","Official figure",""
"QCL","Crops and livestock products","019","Americas","5412","Yield","0116","Rye","2006","2006","kg/ha","1961.3","A","Official figure",""
"QCL","Crops and livestock products","019","Americas","5510","Production","0116","Rye","2006","2006","t","603673","A","Official figure",""
"QCL","Crops and livestock products","019","Americas","5312","Area harvested","0116","Rye","2007","2007","ha","237685","A","Official figure",""
"QCL","Crops and livestock products","019","Americas","5412","Yield","0116","Rye","2007","2007","kg/ha","1851.3","A","Official figure",""
"QCL","Crops and livestock products","019","Americas","5510","Production","0116","Rye","2007","2007","t","440029","A","Official figure",""
"QCL","Crops and livestock products","019","Americas","5312","Area harvested","0116","Rye","2008","2008","ha","284434","A","Official figure",""
"QCL","Crops and livestock products","019","Americas","5412","Yield","0116","Rye","2008","2008","kg/ha","2100.1","A","Official figure",""
"QCL","Crops and livestock products","019","Americas","5510","Production","0116","Rye","2008","2008","t","597351.5","A","Official figure",""
"QCL","Crops and livestock products","019","Americas","5312","Area harvested","0116","Rye","2009","2009","ha","256756","A","Official figure",""
"QCL","Crops and livestock products","019","Americas","5412","Yield","0116","Rye","2009","2009","kg/ha","1945.9","A","Official figure",""
"QCL","Crops and livestock products","019","Americas","5510","Production","0116","Rye","2009","2009","t","499611.97","A","Official figure",""
"QCL","Crops and livestock products","019","Americas","5312","Area harvested","0116","Rye","2010","2010","ha","237123","A","Official figure",""
"QCL","Crops and livestock products","019","Americas","5412","Yield","0116","Rye","2010","2010","kg/ha","1943.5","A","Official figure",""
"QCL","Crops and livestock products","019","Americas","5510","Production","0116","Rye","2010","2010","t","460845.66","A","Official figure",""
"QCL","Crops and livestock products","019","Americas","5312","Area harvested","0116","Rye","2011","2011","ha","220830","A","Official figure",""
"QCL","Crops and livestock products","019","Americas","5412","Yield","0116","Rye","2011","2011","kg/ha","2037","A","Official figure",""
"QCL","Crops and livestock products","019","Americas","5510","Production","0116","Rye","2011","2011","t","449834.07","A","Official figure",""
"QCL","Crops and livestock products","019","Americas","5312","Area harvested","0116","Rye","2012","2012","ha","250207","A","Official figure",""
"QCL","Crops and livestock products","019","Americas","5412","Yield","0116","Rye","2012","2012","kg/ha","2219.7","A","Official figure",""
"QCL","Crops and livestock products","019","Americas","5510","Production","0116","Rye","2012","2012","t","555381.94","A","Official figure",""
"QCL","Crops and livestock products","019","Americas","5312","Area harvested","0116","Rye","2013","2013","ha","227072","A","Official figure",""
"QCL","Crops and livestock products","019","Americas","5412","Yield","0116","Rye","2013","2013","kg/ha","2054.6","A","Official figure",""
"QCL","Crops and livestock products","019","Americas","5510","Production","0116","Rye","2013","2013","t","466538","A","Official figure",""
"QCL","Crops and livestock products","019","Americas","5312","Area harvested","0116","Rye","2014","2014","ha","229109","A","Official figure",""
"QCL","Crops and livestock products","019","Americas","5412","Yield","0116","Rye","2014","2014","kg/ha","2011.4","A","Official figure",""
"QCL","Crops and livestock products","019","Americas","5510","Production","0116","Rye","2014","2014","t","460825.79","A","Official figure",""
"QCL","Crops and livestock products","019","Americas","5312","Area harvested","0116","Rye","2015","2015","ha","296703","A","Official figure",""
"QCL","Crops and livestock products","019","Americas","5412","Yield","0116","Rye","2015","2015","kg/ha","2106.7","A","Official figure",""
"QCL","Crops and livestock products","019","Americas","5510","Production","0116","Rye","2015","2015","t","625055.78","A","Official figure",""
"QCL","Crops and livestock products","019","Americas","5312","Area harvested","0116","Rye","2016","2016","ha","345287","A","Official figure",""
"QCL","Crops and livestock products","019","Americas","5412","Yield","0116","Rye","2016","2016","kg/ha","2312.7","A","Official figure",""
"QCL","Crops and livestock products","019","Americas","5510","Production","0116","Rye","2016","2016","t","798558.48","A","Official figure",""
"QCL","Crops and livestock products","019","Americas","5312","Area harvested","0116","Rye","2017","2017","ha","270060","A","Official figure",""
"QCL","Crops and livestock products","019","Americas","5412","Yield","0116","Rye","2017","2017","kg/ha","2565.6","A","Official figure",""
"QCL","Crops and livestock products","019","Americas","5510","Production","0116","Rye","2017","2017","t","692863.99","A","Official figure",""
"QCL","Crops and livestock products","019","Americas","5312","Area harvested","0116","Rye","2018","2018","ha","241052","A","Official figure",""
"QCL","Crops and livestock products","019","Americas","5412","Yield","0116","Rye","2018","2018","kg/ha","2281.6","A","Official figure",""
"QCL","Crops and livestock products","019","Americas","5510","Production","0116","Rye","2018","2018","t","549977.96","A","Official figure",""
"QCL","Crops and livestock products","019","Americas","5312","Area harvested","0116","Rye","2019","2019","ha","284464","A","Official figure",""
"QCL","Crops and livestock products","019","Americas","5412","Yield","0116","Rye","2019","2019","kg/ha","2478.4","A","Official figure",""
"QCL","Crops and livestock products","019","Americas","5510","Production","0116","Rye","2019","2019","t","705021.18","A","Official figure",""
"QCL","Crops and livestock products","019","Americas","5312","Area harvested","0116","Rye","2020","2020","ha","401905","A","Official figure",""
"QCL","Crops and livestock products","019","Americas","5412","Yield","0116","Rye","2020","2020","kg/ha","2528.1","A","Official figure",""
"QCL","Crops and livestock products","019","Americas","5510","Production","0116","Rye","2020","2020","t","1016059.95","A","Official figure",""
"QCL","Crops and livestock products","019","Americas","5312","Area harvested","0116","Rye","2021","2021","ha","327456","A","Official figure",""
"QCL","Crops and livestock products","019","Americas","5412","Yield","0116","Rye","2021","2021","kg/ha","2359.2","A","Official figure",""
"QCL","Crops and livestock products","019","Americas","5510","Production","0116","Rye","2021","2021","t","772546.12","A","Official figure",""
"QCL","Crops and livestock products","019","Americas","5312","Area harvested","0116","Rye","2022","2022","ha","415057","A","Official figure",""
"QCL","Crops and livestock products","019","Americas","5412","Yield","0116","Rye","2022","2022","kg/ha","2597.5","A","Official figure",""
"QCL","Crops and livestock products","019","Americas","5510","Production","0116","Rye","2022","2022","t","1078098.45","A","Official figure",""
"QCL","Crops and livestock products","019","Americas","5312","Area harvested","0116","Rye","2023","2023","ha","359743","A","Official figure",""
"QCL","Crops and livestock products","019","Americas","5412","Yield","0116","Rye","2023","2023","kg/ha","2259.3","A","Official figure",""
"QCL","Crops and livestock products","019","Americas","5510","Production","0116","Rye","2023","2023","t","812784.91","A","Official figure",""
"QCL","Crops and livestock products","019","Americas","5312","Area harvested","0116","Rye","2024","2024","ha","402567","A","Official figure",""
"QCL","Crops and livestock products","019","Americas","5412","Yield","0116","Rye","2024","2024","kg/ha","2541.2","A","Official figure",""
"QCL","Crops and livestock products","019","Americas","5510","Production","0116","Rye","2024","2024","t","1022982.63","A","Official figure",""
"QCL","Crops and livestock products","019","Americas","5312","Area harvested","0111","Wheat","1961","1961","ha","39116955","A","Official figure",""
"QCL","Crops and livestock products","019","Americas","5412","Yield","0111","Wheat","1961","1961","kg/ha","1298.1","A","Official figure",""
"QCL","Crops and livestock products","019","Americas","5510","Production","0111","Wheat","1961","1961","t","50778622","A","Official figure",""
"QCL","Crops and livestock products","019","Americas","5312","Area harvested","0111","Wheat","1962","1962","ha","35458428","A","Official figure",""
"QCL","Crops and livestock products","019","Americas","5412","Yield","0111","Wheat","1962","1962","kg/ha","1547.1","A","Official figure",""
"QCL","Crops and livestock products","019","Americas","5510","Production","0111","Wheat","1962","1962","t","54856136","A","Official figure",""
"QCL","Crops and livestock products","019","Americas","5312","Area harvested","0111","Wheat","1963","1963","ha","38453978","A","Official figure",""
"QCL","Crops and livestock products","019","Americas","5412","Yield","0111","Wheat","1963","1963","kg/ha","1656.8","A","Official figure",""
"QCL","Crops and livestock products","019","Americas","5510","Production","0111","Wheat","1963","1963","t","63709703","A","Official figure",""
"QCL","Crops and livestock products","019","Americas","5312","Area harvested","0111","Wheat","1964","1964","ha","41600028","A","Official figure",""
"QCL","Crops and livestock products","019","Americas","5412","Yield","0111","Wheat","1964","1964","kg/ha","1624.2","A","Official figure",""
"QCL","Crops and livestock products","019","Americas","5510","Production","0111","Wheat","1964","1964","t","67564976","A","Official figure",""
"QCL","Crops and livestock products","019","Americas","5312","Area harvested","0111","Wheat","1965","1965","ha","39451252","A","Official figure",""
"QCL","Crops and livestock products","019","Americas","5412","Yield","0111","Wheat","1965","1965","kg/ha","1633.4","A","Official figure",""
"QCL","Crops and livestock products","019","Americas","5510","Production","0111","Wheat","1965","1965","t","64438705","A","Official figure",""
"QCL","Crops and livestock products","019","Americas","5312","Area harvested","0111","Wheat","1966","1966","ha","40363237","A","Official figure",""
"QCL","Crops and livestock products","019","Americas","5412","Yield","0111","Wheat","1966","1966","kg/ha","1700.3","A","Official figure",""
"QCL","Crops and livestock products","019","Americas","5510","Production","0111","Wheat","1966","1966","t","68629379","A","Official figure",""
"QCL","Crops and livestock products","019","Americas","5312","Area harvested","0111","Wheat","1967","1967","ha","44578284","A","Official figure",""
"QCL","Crops and livestock products","019","Americas","5412","Yield","0111","Wheat","1967","1967","kg/ha","1547.5","A","Official figure",""
"QCL","Crops and livestock products","019","Americas","5510","Production","0111","Wheat","1967","1967","t","68983143","A","Official figure",""
"QCL","Crops and livestock products","019","Americas","5312","Area harvested","0111","Wheat","1968","1968","ha","43345032","A","Official figure",""
"QCL","Crops and livestock products","019","Americas","5412","Yield","0111","Wheat","1968","1968","kg/ha","1634.2","A","Official figure",""
"QCL","Crops and livestock products","019","Americas","5510","Production","0111","Wheat","1968","1968","t","70833148","A","Official figure",""
"QCL","Crops and livestock products","019","Americas","5312","Area harvested","0111","Wheat","1969","1969","ha","38274364","A","Official figure",""
"QCL","Crops and livestock products","019","Americas","5412","Yield","0111","Wheat","1969","1969","kg/ha","1838","A","Official figure",""
"QCL","Crops and livestock products","019","Americas","5510","Production","0111","Wheat","1969","1969","t","70348945","A","Official figure",""
"QCL","Crops and livestock products","019","Americas","5312","Area harvested","0111","Wheat","1970","1970","ha","30641381","A","Official figure",""
"QCL","Crops and livestock products","019","Americas","5412","Yield","0111","Wheat","1970","1970","kg/ha","1870.6","A","Official figure",""
"QCL","Crops and livestock products","019","Americas","5510","Production","0111","Wheat","1970","1970","t","57318676","A","Official figure",""
"QCL","Crops and livestock products","019","Americas","5312","Area harvested","0111","Wheat","1971","1971","ha","35801527","A","Official figure",""
"QCL","Crops and livestock products","019","Americas","5412","Yield","0111","Wheat","1971","1971","kg/ha","1949.7","A","Official figure",""
"QCL","Crops and livestock products","019","Americas","5510","Production","0111","Wheat","1971","1971","t","69801923","A","Official figure",""
"QCL","Crops and livestock products","019","Americas","5312","Area harvested","0111","Wheat","1972","1972","ha","37035440","A","Official figure",""
"QCL","Crops and livestock products","019","Americas","5412","Yield","0111","Wheat","1972","1972","kg/ha","1863.8","A","Official figure",""
"QCL","Crops and livestock products","019","Americas","5510","Production","0111","Wheat","1972","1972","t","69028359","A","Official figure",""
"QCL","Crops and livestock products","019","Americas","5312","Area harvested","0111","Wheat","1973","1973","ha","39100851","A","Official figure",""
"QCL","Crops and livestock products","019","Americas","5412","Yield","0111","Wheat","1973","1973","kg/ha","1913.4","A","Official figure",""
"QCL","Crops and livestock products","019","Americas","5510","Production","0111","Wheat","1973","1973","t","74814375","A","Official figure",""
"QCL","Crops and livestock products","019","Americas","5312","Area harvested","0111","Wheat","1974","1974","ha","44258784","A","Official figure",""
"QCL","Crops and livestock products","019","Americas","5412","Yield","0111","Wheat","1974","1974","kg/ha","1700.8","A","Official figure",""
"QCL","Crops and livestock products","019","Americas","5510","Production","0111","Wheat","1974","1974","t","75274035","A","Official figure",""
"QCL","Crops and livestock products","019","Americas","5312","Area harvested","0111","Wheat","1975","1975","ha","48102523","A","Official figure",""
"QCL","Crops and livestock products","019","Americas","5412","Yield","0111","Wheat","1975","1975","kg/ha","1869.7","A","Official figure",""
"QCL","Crops and livestock products","019","Americas","5510","Production","0111","Wheat","1975","1975","t","89938094","A","Official figure",""
"QCL","Crops and livestock products","019","Americas","5312","Area harvested","0111","Wheat","1976","1976","ha","52775865","A","Official figure",""
"QCL","Crops and livestock products","019","Americas","5412","Yield","0111","Wheat","1976","1976","kg/ha","1932.4","A","Official figure",""
"QCL","Crops and livestock products","019","Americas","5510","Production","0111","Wheat","1976","1976","t","101986639","A","Official figure",""
"QCL","Crops and livestock products","019","Americas","5312","Area harvested","0111","Wheat","1977","1977","ha","46416930","A","Official figure",""
"QCL","Crops and livestock products","019","Americas","5412","Yield","0111","Wheat","1977","1977","kg/ha","1883.4","A","Official figure",""
"QCL","Crops and livestock products","019","Americas","5510","Production","0111","Wheat","1977","1977","t","87421998","A","Official figure",""
"QCL","Crops and livestock products","019","Americas","5312","Area harvested","0111","Wheat","1978","1978","ha","43010350","A","Official figure",""
"QCL","Crops and livestock products","019","Americas","5412","Yield","0111","Wheat","1978","1978","kg/ha","1971.6","A","Official figure",""
"QCL","Crops and livestock products","019","Americas","5510","Production","0111","Wheat","1978","1978","t","84797876","A","Official figure",""
"QCL","Crops and livestock products","019","Americas","5312","Area harvested","0111","Wheat","1979","1979","ha","46344707","A","Official figure",""
"QCL","Crops and livestock products","019","Americas","5412","Yield","0111","Wheat","1979","1979","kg/ha","1954.9","A","Official figure",""
"QCL","Crops and livestock products","019","Americas","5510","Production","0111","Wheat","1979","1979","t","90597251","A","Official figure",""
"QCL","Crops and livestock products","019","Americas","5312","Area harvested","0111","Wheat","1980","1980","ha","50067559","A","Official figure",""
"QCL","Crops and livestock products","019","Americas","5412","Yield","0111","Wheat","1980","1980","kg/ha","1981","A","Official figure",""
"QCL","Crops and livestock products","019","Americas","5510","Production","0111","Wheat","1980","1980","t","99182343","A","Official figure",""
"QCL","Crops and livestock products","019","Americas","5312","Area harvested","0111","Wheat","1981","1981","ha","54941620","A","Official figure",""
"QCL","Crops and livestock products","019","Americas","5412","Yield","0111","Wheat","1981","1981","kg/ha","2109.5","A","Official figure",""
"QCL","Crops and livestock products","019","Americas","5510","Production","0111","Wheat","1981","1981","t","115896851","A","Official figure",""
"QCL","Crops and livestock products","019","Americas","5312","Area harvested","0111","Wheat","1982","1982","ha","56282641","A","Official figure",""
"QCL","Crops and livestock products","019","Americas","5412","Yield","0111","Wheat","1982","1982","kg/ha","2216.7","A","Official figure",""
"QCL","Crops and livestock products","019","Americas","5510","Production","0111","Wheat","1982","1982","t","124762181","A","Official figure",""
"QCL","Crops and livestock products","019","Americas","5312","Area harvested","0111","Wheat","1983","1983","ha","49351684","A","Official figure",""
"QCL","Crops and livestock products","019","Americas","5412","Yield","0111","Wheat","1983","1983","kg/ha","2280.5","A","Official figure",""
"QCL","Crops and livestock products","019","Americas","5510","Production","0111","Wheat","1983","1983","t","112545753","A","Official figure",""
"QCL","Crops and livestock products","019","Americas","5312","Area harvested","0111","Wheat","1984","1984","ha","50034448","A","Official figure",""
"QCL","Crops and livestock products","019","Americas","5412","Yield","0111","Wheat","1984","1984","kg/ha","2273.9","A","Official figure",""
"QCL","Crops and livestock products","019","Americas","5510","Production","0111","Wheat","1984","1984","t","113772856","A","Official figure",""
"QCL","Crops and livestock products","019","Americas","5312","Area harvested","0111","Wheat","1985","1985","ha","50331933","A","Official figure",""
"QCL","Crops and livestock products","019","Americas","5412","Yield","0111","Wheat","1985","1985","kg/ha","2194.1","A","Official figure",""
"QCL","Crops and livestock products","019","Americas","5510","Production","0111","Wheat","1985","1985","t","110432227","A","Official figure",""
"QCL","Crops and livestock products","019","Americas","5312","Area harvested","0111","Wheat","1986","1986","ha","50028837","A","Official figure",""
"QCL","Crops and livestock products","019","Americas","5412","Yield","0111","Wheat","1986","1986","kg/ha","2196.9","A","Official figure",""
"QCL","Crops and livestock products","019","Americas","5510","Production","0111","Wheat","1986","1986","t","109909161","A","Official figure",""
"QCL","Crops and livestock products","019","Americas","5312","Area harvested","0111","Wheat","1987","1987","ha","46650388","A","Official figure",""
"QCL","Crops and livestock products","019","Americas","5412","Yield","0111","Wheat","1987","1987","kg/ha","2266.5","A","Official figure",""
"QCL","Crops and livestock products","019","Americas","5510","Production","0111","Wheat","1987","1987","t","105734266","A","Official figure",""
"QCL","Crops and livestock products","019","Americas","5312","Area harvested","0111","Wheat","1988","1988","ha","44838347","A","Official figure",""
"QCL","Crops and livestock products","019","Americas","5412","Yield","0111","Wheat","1988","1988","kg/ha","1922.5","A","Official figure",""
"QCL","Crops and livestock products","019","Americas","5510","Production","0111","Wheat","1988","1988","t","86203522","A","Official figure",""
"QCL","Crops and livestock products","019","Americas","5312","Area harvested","0111","Wheat","1989","1989","ha","49948276","A","Official figure",""
"QCL","Crops and livestock products","019","Americas","5412","Yield","0111","Wheat","1989","1989","kg/ha","2067.4","A","Official figure",""
"QCL","Crops and livestock products","019","Americas","5510","Production","0111","Wheat","1989","1989","t","103261310","A","Official figure",""
"QCL","Crops and livestock products","019","Americas","5312","Area harvested","0111","Wheat","1990","1990","ha","52226465","A","Official figure",""
"QCL","Crops and livestock products","019","Americas","5412","Yield","0111","Wheat","1990","1990","kg/ha","2416","A","Official figure",""
"QCL","Crops and livestock products","019","Americas","5510","Production","0111","Wheat","1990","1990","t","126178143","A","Official figure",""
"QCL","Crops and livestock products","019","Americas","5312","Area harvested","0111","Wheat","1991","1991","ha","46179148","A","Official figure",""
"QCL","Crops and livestock products","019","Americas","5412","Yield","0111","Wheat","1991","1991","kg/ha","2274.7","A","Official figure",""
"QCL","Crops and livestock products","019","Americas","5510","Production","0111","Wheat","1991","1991","t","105045418.66","A","Official figure",""
"QCL","Crops and livestock products","019","Americas","5312","Area harvested","0111","Wheat","1992","1992","ha","47407065","A","Official figure",""
"QCL","Crops and livestock products","019","Americas","5412","Yield","0111","Wheat","1992","1992","kg/ha","2442.1","A","Official figure",""
"QCL","Crops and livestock products","019","Americas","5510","Production","0111","Wheat","1992","1992","t","115774446","A","Official figure",""
"QCL","Crops and livestock products","019","Americas","5312","Area harvested","0111","Wheat","1993","1993","ha","46020591","A","Official figure",""
"QCL","Crops and livestock products","019","Americas","5412","Yield","0111","Wheat","1993","1993","kg/ha","2399.5","A","Official figure",""
"QCL","Crops and livestock products","019","Americas","5510","Production","0111","Wheat","1993","1993","t","110426898.92","A","Official figure",""
"QCL","Crops and livestock products","019","Americas","5312","Area harvested","0111","Wheat","1994","1994","ha","44339740","A","Official figure",""
"QCL","Crops and livestock products","019","Americas","5412","Yield","0111","Wheat","1994","1994","kg/ha","2393.7","A","Official figure",""
"QCL","Crops and livestock products","019","Americas","5510","Production","0111","Wheat","1994","1994","t","106136209","A","Official figure",""
"QCL","Crops and livestock products","019","Americas","5312","Area harvested","0111","Wheat","1995","1995","ha","43643461","A","Official figure",""
"QCL","Crops and livestock products","019","Americas","5412","Yield","0111","Wheat","1995","1995","kg/ha","2318.7","A","Official figure",""
"QCL","Crops and livestock products","019","Americas","5510","Production","0111","Wheat","1995","1995","t","101195046","A","Official figure",""
"QCL","Crops and livestock products","019","Americas","5312","Area harvested","0111","Wheat","1996","1996","ha","48546181","A","Official figure",""
"QCL","Crops and livestock products","019","Americas","5412","Yield","0111","Wheat","1996","1996","kg/ha","2413","A","Official figure",""
"QCL","Crops and livestock products","019","Americas","5510","Production","0111","Wheat","1996","1996","t","117140229.97","A","Official figure",""
"QCL","Crops and livestock products","019","Americas","5312","Area harvested","0111","Wheat","1997","1997","ha","46059944","A","Official figure",""
"QCL","Crops and livestock products","019","Americas","5412","Yield","0111","Wheat","1997","1997","kg/ha","2513","A","Official figure",""
"QCL","Crops and livestock products","019","Americas","5510","Production","0111","Wheat","1997","1997","t","115749406","A","Official figure",""
"QCL","Crops and livestock products","019","Americas","5312","Area harvested","0111","Wheat","1998","1998","ha","43291305","A","Official figure",""
"QCL","Crops and livestock products","019","Americas","5412","Yield","0111","Wheat","1998","1998","kg/ha","2638.5","A","Official figure",""
"QCL","Crops and livestock products","019","Americas","5510","Production","0111","Wheat","1998","1998","t","114224707","A","Official figure",""
"QCL","Crops and livestock products","019","Americas","5312","Area harvested","0111","Wheat","1999","1999","ha","41297099","A","Official figure",""
"QCL","Crops and livestock products","019","Americas","5412","Yield","0111","Wheat","1999","1999","kg/ha","2723.2","A","Official figure",""
"QCL","Crops and livestock products","019","Americas","5510","Production","0111","Wheat","1999","1999","t","112461460","A","Official figure",""
"QCL","Crops and livestock products","019","Americas","5312","Area harvested","0111","Wheat","2000","2000","ha","41547684","A","Official figure",""
"QCL","Crops and livestock products","019","Americas","5412","Yield","0111","Wheat","2000","2000","kg/ha","2665.7","A","Official figure",""
"QCL","Crops and livestock products","019","Americas","5510","Production","0111","Wheat","2000","2000","t","110751851.43","A","Official figure",""
"QCL","Crops and livestock products","019","Americas","5312","Area harvested","0111","Wheat","2001","2001","ha","40614216","A","Official figure",""
"QCL","Crops and livestock products","019","Americas","5412","Yield","0111","Wheat","2001","2001","kg/ha","2422","A","Official figure",""
"QCL","Crops and livestock products","019","Americas","5510","Production","0111","Wheat","2001","2001","t","98367513.59","A","Official figure",""
"QCL","Crops and livestock products","019","Americas","5312","Area harvested","0111","Wheat","2002","2002","ha","37232612","A","Official figure",""
"QCL","Crops and livestock products","019","Americas","5412","Yield","0111","Wheat","2002","2002","kg/ha","2183.4","A","Official figure",""
"QCL","Crops and livestock products","019","Americas","5510","Production","0111","Wheat","2002","2002","t","81295079.92","A","Official figure",""
"QCL","Crops and livestock products","019","Americas","5312","Area harvested","0111","Wheat","2003","2003","ha","41760320","A","Official figure",""
"QCL","Crops and livestock products","019","Americas","5412","Yield","0111","Wheat","2003","2003","kg/ha","2714.7","A","Official figure",""
"QCL","Crops and livestock products","019","Americas","5510","Production","0111","Wheat","2003","2003","t","113366979.42","A","Official figure",""
"QCL","Crops and livestock products","019","Americas","5312","Area harvested","0111","Wheat","2004","2004","ha","40131946","A","Official figure",""
"QCL","Crops and livestock products","019","Americas","5412","Yield","0111","Wheat","2004","2004","kg/ha","2762.5","A","Official figure",""
"QCL","Crops and livestock products","019","Americas","5510","Production","0111","Wheat","2004","2004","t","110865948.3","A","Official figure",""
"QCL","Crops and livestock products","019","Americas","5312","Area harvested","0111","Wheat","2005","2005","ha","38904512","A","Official figure",""
"QCL","Crops and livestock products","019","Americas","5412","Yield","0111","Wheat","2005","2005","kg/ha","2745.4","A","Official figure",""
"QCL","Crops and livestock products","019","Americas","5510","Production","0111","Wheat","2005","2005","t","106808607.96","A","Official figure",""
"QCL","Crops and livestock products","019","Americas","5312","Area harvested","0111","Wheat","2006","2006","ha","37503233","A","Official figure",""
"QCL","Crops and livestock products","019","Americas","5412","Yield","0111","Wheat","2006","2006","kg/ha","2606.2","A","Official figure",""
"QCL","Crops and livestock products","019","Americas","5510","Production","0111","Wheat","2006","2006","t","97741781.04","A","Official figure",""
"QCL","Crops and livestock products","019","Americas","5312","Area harvested","0111","Wheat","2007","2007","ha","38679575","A","Official figure",""
"QCL","Crops and livestock products","019","Americas","5412","Yield","0111","Wheat","2007","2007","kg/ha","2657.7","A","Official figure",""
"QCL","Crops and livestock products","019","Americas","5510","Production","0111","Wheat","2007","2007","t","102799216.76","A","Official figure",""
"QCL","Crops and livestock products","019","Americas","5312","Area harvested","0111","Wheat","2008","2008","ha","41224839","A","Official figure",""
"QCL","Crops and livestock products","019","Americas","5412","Yield","0111","Wheat","2008","2008","kg/ha","2868.4","A","Official figure",""
"QCL","Crops and livestock products","019","Americas","5510","Production","0111","Wheat","2008","2008","t","118250195.42","A","Official figure",""
"QCL","Crops and livestock products","019","Americas","5312","Area harvested","0111","Wheat","2009","2009","ha","37991583","A","Official figure",""
"QCL","Crops and livestock products","019","Americas","5412","Yield","0111","Wheat","2009","2009","kg/ha","2883.4","A","Official figure",""
"QCL","Crops and livestock products","019","Americas","5510","Production","0111","Wheat","2009","2009","t","109545395.75","A","Official figure",""
"QCL","Crops and livestock products","019","Americas","5312","Area harvested","0111","Wheat","2010","2010","ha","36680604","A","Official figure",""
"QCL","Crops and livestock products","019","Americas","5412","Yield","0111","Wheat","2010","2010","kg/ha","3117.2","A","Official figure",""
"QCL","Crops and livestock products","019","Americas","5510","Production","0111","Wheat","2010","2010","t","114342305.7","A","Official figure",""
"QCL","Crops and livestock products","019","Americas","5312","Area harvested","0111","Wheat","2011","2011","ha","35956515","A","Official figure",""
"QCL","Crops and livestock products","019","Americas","5412","Yield","0111","Wheat","2011","2011","kg/ha","3011.5","A","Official figure",""
"QCL","Crops and livestock products","019","Americas","5510","Production","0111","Wheat","2011","2011","t","108283850.43","A","Official figure",""
"QCL","Crops and livestock products","019","Americas","5312","Area harvested","0111","Wheat","2012","2012","ha","36553404","A","Official figure",""
"QCL","Crops and livestock products","019","Americas","5412","Yield","0111","Wheat","2012","2012","kg/ha","3004.4","A","Official figure",""
"QCL","Crops and livestock products","019","Americas","5510","Production","0111","Wheat","2012","2012","t","109820822.42","A","Official figure",""
"QCL","Crops and livestock products","019","Americas","5312","Area harvested","0111","Wheat","2013","2013","ha","36576277","A","Official figure",""
"QCL","Crops and livestock products","019","Americas","5412","Yield","0111","Wheat","2013","2013","kg/ha","3234.9","A","Official figure",""
"QCL","Crops and livestock products","019","Americas","5510","Production","0111","Wheat","2013","2013","t","118320335.98","A","Official figure",""
"QCL","Crops and livestock products","019","Americas","5312","Area harvested","0111","Wheat","2014","2014","ha","38404897","A","Official figure",""
"QCL","Crops and livestock products","019","Americas","5412","Yield","0111","Wheat","2014","2014","kg/ha","2931.3","A","Official figure",""
"QCL","Crops and livestock products","019","Americas","5510","Production","0111","Wheat","2014","2014","t","112576835.39","A","Official figure",""
"QCL","Crops and livestock products","019","Americas","5312","Area harvested","0111","Wheat","2015","2015","ha","37469920","A","Official figure",""
"QCL","Crops and livestock products","019","Americas","5412","Yield","0111","Wheat","2015","2015","kg/ha","2889.9","A","Official figure",""
"QCL","Crops and livestock products","019","Americas","5510","Production","0111","Wheat","2015","2015","t","108284883.94","A","Official figure",""
"QCL","Crops and livestock products","019","Americas","5312","Area harvested","0111","Wheat","2016","2016","ha","36678692","A","Official figure",""
"QCL","Crops and livestock products","019","Americas","5412","Yield","0111","Wheat","2016","2016","kg/ha","3508.1","A","Official figure",""
"QCL","Crops and livestock products","019","Americas","5510","Production","0111","Wheat","2016","2016","t","128671092.9","A","Official figure",""
"QCL","Crops and livestock products","019","Americas","5312","Area harvested","0111","Wheat","2017","2017","ha","33832651","A","Official figure",""
"QCL","Crops and livestock products","019","Americas","5412","Yield","0111","Wheat","2017","2017","kg/ha","3180.6","A","Official figure",""
"QCL","Crops and livestock products","019","Americas","5510","Production","0111","Wheat","2017","2017","t","107608045.14","A","Official figure",""
"QCL","Crops and livestock products","019","Americas","5312","Area harvested","0111","Wheat","2018","2018","ha","35779134","A","Official figure",""
"QCL","Crops and livestock products","019","Americas","5412","Yield","0111","Wheat","2018","2018","kg/ha","3205","A","Official figure",""
"QCL","Crops and livestock products","019","Americas","5510","Production","0111","Wheat","2018","2018","t","114672842.46","A","Official figure",""
"QCL","Crops and livestock products","019","Americas","5312","Area harvested","0111","Wheat","2019","2019","ha","35441711","A","Official figure",""
"QCL","Crops and livestock products","019","Americas","5412","Yield","0111","Wheat","2019","2019","kg/ha","3323.4","A","Official figure",""
"QCL","Crops and livestock products","019","Americas","5510","Production","0111","Wheat","2019","2019","t","117786632.39","A","Official figure",""
"QCL","Crops and livestock products","019","Americas","5312","Area harvested","0111","Wheat","2020","2020","ha","35548123","A","Official figure",""
"QCL","Crops and livestock products","019","Americas","5412","Yield","0111","Wheat","2020","2020","kg/ha","3263","A","Official figure",""
"QCL","Crops and livestock products","019","Americas","5510","Production","0111","Wheat","2020","2020","t","115994841.47","A","Official figure",""
"QCL","Crops and livestock products","019","Americas","5312","Area harvested","0111","Wheat","2021","2021","ha","35311359","A","Official figure",""
"QCL","Crops and livestock products","019","Americas","5412","Yield","0111","Wheat","2021","2021","kg/ha","2954.2","A","Official figure",""
"QCL","Crops and livestock products","019","Americas","5510","Production","0111","Wheat","2021","2021","t","104316347.93","A","Official figure",""
"QCL","Crops and livestock products","019","Americas","5312","Area harvested","0111","Wheat","2022","2022","ha","34992894","A","Official figure",""
"QCL","Crops and livestock products","019","Americas","5412","Yield","0111","Wheat","2022","2022","kg/ha","3148.9","A","Official figure",""
"QCL","Crops and livestock products","019","Americas","5510","Production","0111","Wheat","2022","2022","t","110189569.98","A","Official figure",""
"QCL","Crops and livestock products","019","Americas","5312","Area harvested","0111","Wheat","2023","2023","ha","36526675","A","Official figure",""
"QCL","Crops and livestock products","019","Americas","5412","Yield","0111","Wheat","2023","2023","kg/ha","3117.5","A","Official figure",""
"QCL","Crops and livestock products","019","Americas","5510","Production","0111","Wheat","2023","2023","t","113871528.57","A","Official figure",""
"QCL","Crops and livestock products","019","Americas","5312","Area harvested","0111","Wheat","2024","2024","ha","37226998","A","Official figure",""
"QCL","Crops and livestock products","019","Americas","5412","Yield","0111","Wheat","2024","2024","kg/ha","3281.1","A","Official figure",""
"QCL","Crops and livestock products","019","Americas","5510","Production","0111","Wheat","2024","2024","t","122143843.93","A","Official figure",""
"QCL","Crops and livestock products","142","Asia","5312","Area harvested","01929.01","Flax, raw or retted","1961","1961","ha","48897","A","Official figure",""
"QCL","Crops and livestock products","142","Asia","5510","Production","01929.01","Flax, raw or retted","1961","1961","t","54117","A","Official figure",""
"QCL","Crops and livestock products","142","Asia","5312","Area harvested","01929.01","Flax, raw or retted","1962","1962","ha","55004","A","Official figure",""
"QCL","Crops and livestock products","142","Asia","5510","Production","01929.01","Flax, raw or retted","1962","1962","t","66348","A","Official figure",""
"QCL","Crops and livestock products","142","Asia","5312","Area harvested","01929.01","Flax, raw or retted","1963","1963","ha","53369","A","Official figure",""
"QCL","Crops and livestock products","142","Asia","5510","Production","01929.01","Flax, raw or retted","1963","1963","t","66741","A","Official figure",""
"QCL","Crops and livestock products","142","Asia","5312","Area harvested","01929.01","Flax, raw or retted","1964","1964","ha","58199","A","Official figure",""
"QCL","Crops and livestock products","142","Asia","5510","Production","01929.01","Flax, raw or retted","1964","1964","t","82357","A","Official figure",""
"QCL","Crops and livestock products","142","Asia","5312","Area harvested","01929.01","Flax, raw or retted","1965","1965","ha","56593","A","Official figure",""
"QCL","Crops and livestock products","142","Asia","5510","Production","01929.01","Flax, raw or retted","1965","1965","t","79979","A","Official figure",""
"QCL","Crops and livestock products","142","Asia","5312","Area harvested","01929.01","Flax, raw or retted","1966","1966","ha","48341","A","Official figure",""
"QCL","Crops and livestock products","142","Asia","5510","Production","01929.01","Flax, raw or retted","1966","1966","t","67403","A","Official figure",""
"QCL","Crops and livestock products","142","Asia","5312","Area harvested","01929.01","Flax, raw or retted","1967","1967","ha","45919","A","Official figure",""
"QCL","Crops and livestock products","142","Asia","5510","Production","01929.01","Flax, raw or retted","1967","1967","t","71655","A","Official figure",""
"QCL","Crops and livestock products","142","Asia","5312","Area harvested","01929.01","Flax, raw or retted","1968","1968","ha","50868","E","Estimated value",""
"QCL","Crops and livestock products","142","Asia","5510","Production","01929.01","Flax, raw or retted","1968","1968","t","76366","E","Estimated value",""
"QCL","Crops and livestock products","142","Asia","5312","Area harvested","01929.01","Flax, raw or retted","1969","1969","ha","47721","E","Estimated value",""
"QCL","Crops and livestock products","142","Asia","5510","Production","01929.01","Flax, raw or retted","1969","1969","t","77941","E","Estimated value",""
"QCL","Crops and livestock products","142","Asia","5312","Area harvested","01929.01","Flax, raw or retted","1970","1970","ha","49337","E","Estimated value",""
"QCL","Crops and livestock products","142","Asia","5510","Production","01929.01","Flax, raw or retted","1970","1970","t","78363","E","Estimated value",""
"QCL","Crops and livestock products","142","Asia","5312","Area harvested","01929.01","Flax, raw or retted","1971","1971","ha","48280","E","Estimated value",""
"QCL","Crops and livestock products","142","Asia","5510","Production","01929.01","Flax, raw or retted","1971","1971","t","83482","E","Estimated value",""
"QCL","Crops and livestock products","142","Asia","5312","Area harvested","01929.01","Flax, raw or retted","1972","1972","ha","46034","E","Estimated value",""
"QCL","Crops and livestock products","142","Asia","5510","Production","01929.01","Flax, raw or retted","1972","1972","t","82718","E","Estimated value",""
"QCL","Crops and livestock products","142","Asia","5312","Area harvested","01929.01","Flax, raw or retted","1973","1973","ha","47977","E","Estimated value",""
"QCL","Crops and livestock products","142","Asia","5510","Production","01929.01","Flax, raw or retted","1973","1973","t","85878","E","Estimated value",""
"QCL","Crops and livestock products","142","Asia","5312","Area harvested","01929.01","Flax, raw or retted","1974","1974","ha","49751","E","Estimated value",""
"QCL","Crops and livestock products","142","Asia","5510","Production","01929.01","Flax, raw or retted","1974","1974","t","90104","E","Estimated value",""
"QCL","Crops and livestock products","142","Asia","5312","Area harvested","01929.01","Flax, raw or retted","1975","1975","ha","52281","E","Estimated value",""
"QCL","Crops and livestock products","142","Asia","5510","Production","01929.01","Flax, raw or retted","1975","1975","t","95303","E","Estimated value",""
"QCL","Crops and livestock products","142","Asia","5312","Area harvested","01929.01","Flax, raw or retted","1976","1976","ha","53361","E","Estimated value",""
"QCL","Crops and livestock products","142","Asia","5510","Production","01929.01","Flax, raw or retted","1976","1976","t","98019","E","Estimated value",""
"QCL","Crops and livestock products","142","Asia","5312","Area harvested","01929.01","Flax, raw or retted","1977","1977","ha","53995","E","Estimated value",""
"QCL","Crops and livestock products","142","Asia","5510","Production","01929.01","Flax, raw or retted","1977","1977","t","97957","E","Estimated value",""
"QCL","Crops and livestock products","142","Asia","5312","Area harvested","01929.01","Flax, raw or retted","1978","1978","ha","54874","A","Official figure",""
"QCL","Crops and livestock products","142","Asia","5510","Production","01929.01","Flax, raw or retted","1978","1978","t","100067","A","Official figure",""
"QCL","Crops and livestock products","142","Asia","5312","Area harvested","01929.01","Flax, raw or retted","1979","1979","ha","103150","E","Estimated value",""
"QCL","Crops and livestock products","142","Asia","5510","Production","01929.01","Flax, raw or retted","1979","1979","t","104350","E","Estimated value",""
"QCL","Crops and livestock products","142","Asia","5312","Area harvested","01929.01","Flax, raw or retted","1980","1980","ha","113100","E","Estimated value",""
"QCL","Crops and livestock products","142","Asia","5510","Production","01929.01","Flax, raw or retted","1980","1980","t","113550","E","Estimated value",""
"QCL","Crops and livestock products","142","Asia","5312","Area harvested","01929.01","Flax, raw or retted","1981","1981","ha","118100","E","Estimated value",""
"QCL","Crops and livestock products","142","Asia","5510","Production","01929.01","Flax, raw or retted","1981","1981","t","193050","E","Estimated value",""
"QCL","Crops and livestock products","142","Asia","5312","Area harvested","01929.01","Flax, raw or retted","1982","1982","ha","123050","E","Estimated value",""
"QCL","Crops and livestock products","142","Asia","5510","Production","01929.01","Flax, raw or retted","1982","1982","t","62405","E","Estimated value",""
"QCL","Crops and livestock products","142","Asia","5312","Area harvested","01929.01","Flax, raw or retted","1983","1983","ha","128050","E","Estimated value",""
"QCL","Crops and livestock products","142","Asia","5510","Production","01929.01","Flax, raw or retted","1983","1983","t","136270","E","Estimated value",""
"QCL","Crops and livestock products","142","Asia","5312","Area harvested","01929.01","Flax, raw or retted","1984","1984","ha","131000","E","Estimated value",""
"QCL","Crops and livestock products","142","Asia","5510","Production","01929.01","Flax, raw or retted","1984","1984","t","193885","E","Estimated value",""
"QCL","Crops and livestock products","142","Asia","5312","Area harvested","01929.01","Flax, raw or retted","1985","1985","ha","135000","A","Official figure",""
"QCL","Crops and livestock products","142","Asia","5510","Production","01929.01","Flax, raw or retted","1985","1985","t","160335","A","Official figure",""
"QCL","Crops and livestock products","142","Asia","5312","Area harvested","01929.01","Flax, raw or retted","1986","1986","ha","139000","A","Official figure",""
"QCL","Crops and livestock products","142","Asia","5510","Production","01929.01","Flax, raw or retted","1986","1986","t","209906","A","Official figure",""
"QCL","Crops and livestock products","142","Asia","5312","Area harvested","01929.01","Flax, raw or retted","1987","1987","ha","141000","A","Official figure",""
"QCL","Crops and livestock products","142","Asia","5510","Production","01929.01","Flax, raw or retted","1987","1987","t","321800","A","Official figure",""
"QCL","Crops and livestock products","142","Asia","5312","Area harvested","01929.01","Flax, raw or retted","1988","1988","ha","145000","A","Official figure",""
"QCL","Crops and livestock products","142","Asia","5510","Production","01929.01","Flax, raw or retted","1988","1988","t","370900","A","Official figure",""
"QCL","Crops and livestock products","142","Asia","5312","Area harvested","01929.01","Flax, raw or retted","1989","1989","ha","99900","A","Official figure",""
"QCL","Crops and livestock products","142","Asia","5510","Production","01929.01","Flax, raw or retted","1989","1989","t","244545","A","Official figure",""
"QCL","Crops and livestock products","142","Asia","5312","Area harvested","01929.01","Flax, raw or retted","1990","1990","ha","89867","A","Official figure",""
"QCL","Crops and livestock products","142","Asia","5510","Production","01929.01","Flax, raw or retted","1990","1990","t","243361","A","Official figure",""
"QCL","Crops and livestock products","142","Asia","5312","Area harvested","01929.01","Flax, raw or retted","1991","1991","ha","108300","A","Official figure",""
"QCL","Crops and livestock products","142","Asia","5510","Production","01929.01","Flax, raw or retted","1991","1991","t","290244","A","Official figure",""
"QCL","Crops and livestock products","142","Asia","5312","Area harvested","01929.01","Flax, raw or retted","1992","1992","ha","81572","A","Official figure",""
"QCL","Crops and livestock products","142","Asia","5510","Production","01929.01","Flax, raw or retted","1992","1992","t","227195","A","Official figure",""
"QCL","Crops and livestock products","142","Asia","5312","Area harvested","01929.01","Flax, raw or retted","1993","1993","ha","70772","A","Official figure",""
"QCL","Crops and livestock products","142","Asia","5510","Production","01929.01","Flax, raw or retted","1993","1993","t","188743","A","Official figure",""
"QCL","Crops and livestock products","142","Asia","5312","Area harvested","01929.01","Flax, raw or retted","1994","1994","ha","94556","A","Official figure",""
"QCL","Crops and livestock products","142","Asia","5510","Production","01929.01","Flax, raw or retted","1994","1994","t","251320","A","Official figure",""
"QCL","Crops and livestock products","142","Asia","5312","Area harvested","01929.01","Flax, raw or retted","1995","1995","ha","114917","A","Official figure",""
"QCL","Crops and livestock products","142","Asia","5510","Production","01929.01","Flax, raw or retted","1995","1995","t","353306","A","Official figure",""
"QCL","Crops and livestock products","142","Asia","5312","Area harvested","01929.01","Flax, raw or retted","1996","1996","ha","93947","A","Official figure",""
"QCL","Crops and livestock products","142","Asia","5510","Production","01929.01","Flax, raw or retted","1996","1996","t","266175","A","Official figure",""
"QCL","Crops and livestock products","142","Asia","5312","Area harvested","01929.01","Flax, raw or retted","1997","1997","ha","62762","A","Official figure",""
"QCL","Crops and livestock products","142","Asia","5510","Production","01929.01","Flax, raw or retted","1997","1997","t","154529","A","Official figure",""
"QCL","Crops and livestock products","142","Asia","5312","Area harvested","01929.01","Flax, raw or retted","1998","1998","ha","40716","A","Official figure",""
"QCL","Crops and livestock products","142","Asia","5510","Production","01929.01","Flax, raw or retted","1998","1998","t","100814","A","Official figure",""
"QCL","Crops and livestock products","142","Asia","5312","Area harvested","01929.01","Flax, raw or retted","1999","1999","ha","55016","A","Official figure",""
"QCL","Crops and livestock products","142","Asia","5510","Production","01929.01","Flax, raw or retted","1999","1999","t","170258","A","Official figure",""
"QCL","Crops and livestock products","142","Asia","5312","Area harvested","01929.01","Flax, raw or retted","2000","2000","ha","97511","A","Official figure",""
"QCL","Crops and livestock products","142","Asia","5510","Production","01929.01","Flax, raw or retted","2000","2000","t","214984","A","Official figure",""
"QCL","Crops and livestock products","142","Asia","5312","Area harvested","01929.01","Flax, raw or retted","2001","2001","ha","142850","A","Official figure",""
"QCL","Crops and livestock products","142","Asia","5510","Production","01929.01","Flax, raw or retted","2001","2001","t","345842","A","Official figure",""
"QCL","Crops and livestock products","142","Asia","5312","Area harvested","01929.01","Flax, raw or retted","2002","2002","ha","139990","A","Official figure",""
"QCL","Crops and livestock products","142","Asia","5510","Production","01929.01","Flax, raw or retted","2002","2002","t","524961","A","Official figure",""
"QCL","Crops and livestock products","142","Asia","5312","Area harvested","01929.01","Flax, raw or retted","2003","2003","ha","156765","A","Official figure",""
"QCL","Crops and livestock products","142","Asia","5510","Production","01929.01","Flax, raw or retted","2003","2003","t","465705","A","Official figure",""
"QCL","Crops and livestock products","142","Asia","5312","Area harvested","01929.01","Flax, raw or retted","2004","2004","ha","154429","A","Official figure",""
"QCL","Crops and livestock products","142","Asia","5510","Production","01929.01","Flax, raw or retted","2004","2004","t","669635","A","Official figure",""
"QCL","Crops and livestock products","142","Asia","5312","Area harvested","01929.01","Flax, raw or retted","2005","2005","ha","158969","A","Official figure",""
"QCL","Crops and livestock products","142","Asia","5510","Production","01929.01","Flax, raw or retted","2005","2005","t","695210","A","Official figure",""
"QCL","Crops and livestock products","142","Asia","5312","Area harvested","01929.01","Flax, raw or retted","2006","2006","ha","87894","A","Official figure",""
"QCL","Crops and livestock products","142","Asia","5510","Production","01929.01","Flax, raw or retted","2006","2006","t","415347.58","A","Official figure",""
"QCL","Crops and livestock products","142","Asia","5312","Area harvested","01929.01","Flax, raw or retted","2007","2007","ha","67861","A","Official figure",""
"QCL","Crops and livestock products","142","Asia","5510","Production","01929.01","Flax, raw or retted","2007","2007","t","290464","A","Official figure",""
"QCL","Crops and livestock products","142","Asia","5312","Area harvested","01929.01","Flax, raw or retted","2008","2008","ha","57622","A","Official figure",""
"QCL","Crops and livestock products","142","Asia","5510","Production","01929.01","Flax, raw or retted","2008","2008","t","257422","A","Official figure",""
"QCL","Crops and livestock products","142","Asia","5312","Area harvested","01929.01","Flax, raw or retted","2009","2009","ha","18612","A","Official figure",""
"QCL","Crops and livestock products","142","Asia","5510","Production","01929.01","Flax, raw or retted","2009","2009","t","85889","A","Official figure",""
"QCL","Crops and livestock products","142","Asia","5312","Area harvested","01929.01","Flax, raw or retted","2010","2010","ha","9515","A","Official figure",""
"QCL","Crops and livestock products","142","Asia","5510","Production","01929.01","Flax, raw or retted","2010","2010","t","44945","A","Official figure",""
"QCL","Crops and livestock products","142","Asia","5312","Area harvested","01929.01","Flax, raw or retted","2011","2011","ha","6728","A","Official figure",""
"QCL","Crops and livestock products","142","Asia","5510","Production","01929.01","Flax, raw or retted","2011","2011","t","39717.87","A","Official figure",""
"QCL","Crops and livestock products","142","Asia","5312","Area harvested","01929.01","Flax, raw or retted","2012","2012","ha","7333","A","Official figure",""
"QCL","Crops and livestock products","142","Asia","5510","Production","01929.01","Flax, raw or retted","2012","2012","t","38386.86","A","Official figure",""
"QCL","Crops and livestock products","142","Asia","5312","Area harvested","01929.01","Flax, raw or retted","2013","2013","ha","5206","A","Official figure",""
"QCL","Crops and livestock products","142","Asia","5510","Production","01929.01","Flax, raw or retted","2013","2013","t","24359.98","A","Official figure",""
"QCL","Crops and livestock products","142","Asia","5312","Area harvested","01929.01","Flax, raw or retted","2014","2014","ha","10005","E","Estimated value",""
"QCL","Crops and livestock products","142","Asia","5510","Production","01929.01","Flax, raw or retted","2014","2014","t","47308.65","A","Official figure",""
"QCL","Crops and livestock products","142","Asia","5312","Area harvested","01929.01","Flax, raw or retted","2015","2015","ha","3402","A","Official figure",""
"QCL","Crops and livestock products","142","Asia","5510","Production","01929.01","Flax, raw or retted","2015","2015","t","12713.39","A","Official figure",""
"QCL","Crops and livestock products","142","Asia","5312","Area harvested","01929.01","Flax, raw or retted","2016","2016","ha","3494","E","Estimated value",""
"QCL","Crops and livestock products","142","Asia","5510","Production","01929.01","Flax, raw or retted","2016","2016","t","15275.91","E","Estimated value",""
"QCL","Crops and livestock products","142","Asia","5312","Area harvested","01929.01","Flax, raw or retted","2017","2017","ha","2678","A","Official figure",""
"QCL","Crops and livestock products","142","Asia","5510","Production","01929.01","Flax, raw or retted","2017","2017","t","11075.18","A","Official figure",""
"QCL","Crops and livestock products","142","Asia","5312","Area harvested","01929.01","Flax, raw or retted","2018","2018","ha","4138","A","Official figure",""
"QCL","Crops and livestock products","142","Asia","5510","Production","01929.01","Flax, raw or retted","2018","2018","t","13273.95","A","Official figure",""
"QCL","Crops and livestock products","142","Asia","5312","Area harvested","01929.01","Flax, raw or retted","2019","2019","ha","4929","A","Official figure",""
"QCL","Crops and livestock products","142","Asia","5510","Production","01929.01","Flax, raw or retted","2019","2019","t","16867.17","E","Estimated value",""
"QCL","Crops and livestock products","142","Asia","5312","Area harvested","01929.01","Flax, raw or retted","2020","2020","ha","5043","E","Estimated value",""
"QCL","Crops and livestock products","142","Asia","5510","Production","01929.01","Flax, raw or retted","2020","2020","t","20625.53","E","Estimated value",""
"QCL","Crops and livestock products","142","Asia","5312","Area harvested","01929.01","Flax, raw or retted","2021","2021","ha","7097","E","Estimated value",""
"QCL","Crops and livestock products","142","Asia","5510","Production","01929.01","Flax, raw or retted","2021","2021","t","28833.34","E","Estimated value",""
"QCL","Crops and livestock products","142","Asia","5312","Area harvested","01929.01","Flax, raw or retted","2022","2022","ha","7263","E","Estimated value",""
"QCL","Crops and livestock products","142","Asia","5510","Production","01929.01","Flax, raw or retted","2022","2022","t","29313.59","E","Estimated value",""
"QCL","Crops and livestock products","142","Asia","5312","Area harvested","01929.01","Flax, raw or retted","2023","2023","ha","7304","E","Estimated value",""
"QCL","Crops and livestock products","142","Asia","5510","Production","01929.01","Flax, raw or retted","2023","2023","t","29281","E","Estimated value",""
"QCL","Crops and livestock products","142","Asia","5312","Area harvested","01929.01","Flax, raw or retted","2024","2024","ha","7304","E","Estimated value",""
"QCL","Crops and livestock products","142","Asia","5510","Production","01929.01","Flax, raw or retted","2024","2024","t","29281","E","Estimated value",""
"QCL","Crops and livestock products","142","Asia","5312","Area harvested","0116","Rye","1961","1961","ha","1969881","A","Official figure",""
"QCL","Crops and livestock products","142","Asia","5412","Yield","0116","Rye","1961","1961","kg/ha","960.5","A","Official figure",""
"QCL","Crops and livestock products","142","Asia","5510","Production","0116","Rye","1961","1961","t","1891979","A","Official figure",""
"QCL","Crops and livestock products","142","Asia","5312","Area harvested","0116","Rye","1962","1962","ha","2489703","A","Official figure",""
"QCL","Crops and livestock products","142","Asia","5412","Yield","0116","Rye","1962","1962","kg/ha","888.3","A","Official figure",""
"QCL","Crops and livestock products","142","Asia","5510","Production","0116","Rye","1962","1962","t","2211680","A","Official figure",""
"QCL","Crops and livestock products","142","Asia","5312","Area harvested","0116","Rye","1963","1963","ha","2211409","A","Official figure",""
"QCL","Crops and livestock products","142","Asia","5412","Yield","0116","Rye","1963","1963","kg/ha","1003.2","A","Official figure",""
"QCL","Crops and livestock products","142","Asia","5510","Production","0116","Rye","1963","1963","t","2218438","A","Official figure",""
"QCL","Crops and livestock products","142","Asia","5312","Area harvested","0116","Rye","1964","1964","ha","2015125","A","Official figure",""
"QCL","Crops and livestock products","142","Asia","5412","Yield","0116","Rye","1964","1964","kg/ha","1019","A","Official figure",""
"QCL","Crops and livestock products","142","Asia","5510","Production","0116","Rye","1964","1964","t","2053416","A","Official figure",""
"QCL","Crops and livestock products","142","Asia","5312","Area harvested","0116","Rye","1965","1965","ha","2043439","A","Official figure",""
"QCL","Crops and livestock products","142","Asia","5412","Yield","0116","Rye","1965","1965","kg/ha","1120.9","A","Official figure",""
"QCL","Crops and livestock products","142","Asia","5510","Production","0116","Rye","1965","1965","t","2290486","A","Official figure",""
"QCL","Crops and livestock products","142","Asia","5312","Area harvested","0116","Rye","1966","1966","ha","2144292","E","Estimated value",""
"QCL","Crops and livestock products","142","Asia","5412","Yield","0116","Rye","1966","1966","kg/ha","1012.3","E","Estimated value",""
"QCL","Crops and livestock products","142","Asia","5510","Production","0116","Rye","1966","1966","t","2170710","E","Estimated value",""
"QCL","Crops and livestock products","142","Asia","5312","Area harvested","0116","Rye","1967","1967","ha","2044324","E","Estimated value",""
"QCL","Crops and livestock products","142","Asia","5412","Yield","0116","Rye","1967","1967","kg/ha","1082.9","E","Estimated value",""
"QCL","Crops and livestock products","142","Asia","5510","Production","0116","Rye","1967","1967","t","2213833","E","Estimated value",""
"QCL","Crops and livestock products","142","Asia","5312","Area harvested","0116","Rye","1968","1968","ha","1797962","E","Estimated value",""
"QCL","Crops and livestock products","142","Asia","5412","Yield","0116","Rye","1968","1968","kg/ha","1074.6","E","Estimated value",""
"QCL","Crops and livestock products","142","Asia","5510","Production","0116","Rye","1968","1968","t","1932121","E","Estimated value",""
"QCL","Crops and livestock products","142","Asia","5312","Area harvested","0116","Rye","1969","1969","ha","1989733","E","Estimated value",""
"QCL","Crops and livestock products","142","Asia","5412","Yield","0116","Rye","1969","1969","kg/ha","1070.6","E","Estimated value",""
"QCL","Crops and livestock products","142","Asia","5510","Production","0116","Rye","1969","1969","t","2130304","E","Estimated value",""
"QCL","Crops and livestock products","142","Asia","5312","Area harvested","0116","Rye","1970","1970","ha","1956500","E","Estimated value",""
"QCL","Crops and livestock products","142","Asia","5412","Yield","0116","Rye","1970","1970","kg/ha","1017.4","E","Estimated value",""
"QCL","Crops and livestock products","142","Asia","5510","Production","0116","Rye","1970","1970","t","1990545","E","Estimated value",""
"QCL","Crops and livestock products","142","Asia","5312","Area harvested","0116","Rye","1971","1971","ha","1929924","E","Estimated value",""
"QCL","Crops and livestock products","142","Asia","5412","Yield","0116","Rye","1971","1971","kg/ha","1141.7","E","Estimated value",""
"QCL","Crops and livestock products","142","Asia","5510","Production","0116","Rye","1971","1971","t","2203377","E","Estimated value",""
"QCL","Crops and livestock products","142","Asia","5312","Area harvested","0116","Rye","1972","1972","ha","1909554","E","Estimated value",""
"QCL","Crops and livestock products","142","Asia","5412","Yield","0116","Rye","1972","1972","kg/ha","1080.3","E","Estimated value",""
"QCL","Crops and livestock products","142","Asia","5510","Production","0116","Rye","1972","1972","t","2062914","E","Estimated value",""
"QCL","Crops and livestock products","142","Asia","5312","Area harvested","0116","Rye","1973","1973","ha","1813625","E","Estimated value",""
"QCL","Crops and livestock products","142","Asia","5412","Yield","0116","Rye","1973","1973","kg/ha","1128.2","E","Estimated value",""
"QCL","Crops and livestock products","142","Asia","5510","Production","0116","Rye","1973","1973","t","2046162","E","Estimated value",""
"QCL","Crops and livestock products","142","Asia","5312","Area harvested","0116","Rye","1974","1974","ha","1805043","E","Estimated value",""
"QCL","Crops and livestock products","142","Asia","5412","Yield","0116","Rye","1974","1974","kg/ha","1089.4","E","Estimated value",""
"QCL","Crops and livestock products","142","Asia","5510","Production","0116","Rye","1974","1974","t","1966449","E","Estimated value",""
"QCL","Crops and livestock products","142","Asia","5312","Area harvested","0116","Rye","1975","1975","ha","1671263","E","Estimated value",""
"QCL","Crops and livestock products","142","Asia","5412","Yield","0116","Rye","1975","1975","kg/ha","1352.1","E","Estimated value",""
"QCL","Crops and livestock products","142","Asia","5510","Production","0116","Rye","1975","1975","t","2259667","E","Estimated value",""
"QCL","Crops and livestock products","142","Asia","5312","Area harvested","0116","Rye","1976","1976","ha","1633560","E","Estimated value",""
"QCL","Crops and livestock products","142","Asia","5412","Yield","0116","Rye","1976","1976","kg/ha","1436.1","E","Estimated value",""
"QCL","Crops and livestock products","142","Asia","5510","Production","0116","Rye","1976","1976","t","2345900","E","Estimated value",""
"QCL","Crops and livestock products","142","Asia","5312","Area harvested","0116","Rye","1977","1977","ha","1623564","E","Estimated value",""
"QCL","Crops and livestock products","142","Asia","5412","Yield","0116","Rye","1977","1977","kg/ha","1166.6","E","Estimated value",""
"QCL","Crops and livestock products","142","Asia","5510","Production","0116","Rye","1977","1977","t","1893994","E","Estimated value",""
"QCL","Crops and livestock products","142","Asia","5312","Area harvested","0116","Rye","1978","1978","ha","1673026","A","Official figure",""
"QCL","Crops and livestock products","142","Asia","5412","Yield","0116","Rye","1978","1978","kg/ha","1359.5","E","Estimated value",""
"QCL","Crops and livestock products","142","Asia","5510","Production","0116","Rye","1978","1978","t","2274558","E","Estimated value",""
"QCL","Crops and livestock products","142","Asia","5312","Area harvested","0116","Rye","1979","1979","ha","1472758","A","Official figure",""
"QCL","Crops and livestock products","142","Asia","5412","Yield","0116","Rye","1979","1979","kg/ha","1646.9","E","Estimated value",""
"QCL","Crops and livestock products","142","Asia","5510","Production","0116","Rye","1979","1979","t","2425547","E","Estimated value",""
"QCL","Crops and livestock products","142","Asia","5312","Area harvested","0116","Rye","1980","1980","ha","1339952","A","Official figure",""
"QCL","Crops and livestock products","142","Asia","5412","Yield","0116","Rye","1980","1980","kg/ha","1439","A","Official figure",""
"QCL","Crops and livestock products","142","Asia","5510","Production","0116","Rye","1980","1980","t","1928199","A","Official figure",""
"QCL","Crops and livestock products","142","Asia","5312","Area harvested","0116","Rye","1981","1981","ha","1310001","A","Official figure",""
"QCL","Crops and livestock products","142","Asia","5412","Yield","0116","Rye","1981","1981","kg/ha","1478.5","A","Official figure",""
"QCL","Crops and livestock products","142","Asia","5510","Production","0116","Rye","1981","1981","t","1936772","A","Official figure",""
"QCL","Crops and livestock products","142","Asia","5312","Area harvested","0116","Rye","1982","1982","ha","1115086","A","Official figure",""
"QCL","Crops and livestock products","142","Asia","5412","Yield","0116","Rye","1982","1982","kg/ha","1645.5","A","Official figure",""
"QCL","Crops and livestock products","142","Asia","5510","Production","0116","Rye","1982","1982","t","1834888","A","Official figure",""
"QCL","Crops and livestock products","142","Asia","5312","Area harvested","0116","Rye","1983","1983","ha","1077246","A","Official figure",""
"QCL","Crops and livestock products","142","Asia","5412","Yield","0116","Rye","1983","1983","kg/ha","1795","A","Official figure",""
"QCL","Crops and livestock products","142","Asia","5510","Production","0116","Rye","1983","1983","t","1933701","A","Official figure",""
"QCL","Crops and livestock products","142","Asia","5312","Area harvested","0116","Rye","1984","1984","ha","1001972","A","Official figure",""
"QCL","Crops and livestock products","142","Asia","5412","Yield","0116","Rye","1984","1984","kg/ha","2059.3","A","Official figure",""
"QCL","Crops and livestock products","142","Asia","5510","Production","0116","Rye","1984","1984","t","2063321","A","Official figure",""
"QCL","Crops and livestock products","142","Asia","5312","Area harvested","0116","Rye","1985","1985","ha","933689","A","Official figure",""
"QCL","Crops and livestock products","142","Asia","5412","Yield","0116","Rye","1985","1985","kg/ha","1762.4","A","Official figure",""
"QCL","Crops and livestock products","142","Asia","5510","Production","0116","Rye","1985","1985","t","1645523","A","Official figure",""
"QCL","Crops and livestock products","142","Asia","5312","Area harvested","0116","Rye","1986","1986","ha","920850","A","Official figure",""
"QCL","Crops and livestock products","142","Asia","5412","Yield","0116","Rye","1986","1986","kg/ha","1567.8","E","Estimated value",""
"QCL","Crops and livestock products","142","Asia","5510","Production","0116","Rye","1986","1986","t","1443754","E","Estimated value",""
"QCL","Crops and livestock products","142","Asia","5312","Area harvested","0116","Rye","1987","1987","ha","1071158","E","Estimated value",""
"QCL","Crops and livestock products","142","Asia","5412","Yield","0116","Rye","1987","1987","kg/ha","1670.4","E","Estimated value",""
"QCL","Crops and livestock products","142","Asia","5510","Production","0116","Rye","1987","1987","t","1789218","E","Estimated value",""
"QCL","Crops and livestock products","142","Asia","5312","Area harvested","0116","Rye","1988","1988","ha","1117770","E","Estimated value",""
"QCL","Crops and livestock products","142","Asia","5412","Yield","0116","Rye","1988","1988","kg/ha","1588.5","E","Estimated value",""
"QCL","Crops and livestock products","142","Asia","5510","Production","0116","Rye","1988","1988","t","1775540","E","Estimated value",""
"QCL","Crops and livestock products","142","Asia","5312","Area harvested","0116","Rye","1989","1989","ha","1071261","E","Estimated value",""
"QCL","Crops and livestock products","142","Asia","5412","Yield","0116","Rye","1989","1989","kg/ha","1421.1","E","Estimated value",""
"QCL","Crops and livestock products","142","Asia","5510","Production","0116","Rye","1989","1989","t","1522406","E","Estimated value",""
"QCL","Crops and livestock products","142","Asia","5312","Area harvested","0116","Rye","1990","1990","ha","1047538","E","Estimated value",""
"QCL","Crops and livestock products","142","Asia","5412","Yield","0116","Rye","1990","1990","kg/ha","1470.4","E","Estimated value",""
"QCL","Crops and livestock products","142","Asia","5510","Production","0116","Rye","1990","1990","t","1540325","E","Estimated value",""
"QCL","Crops and livestock products","142","Asia","5312","Area harvested","0116","Rye","1991","1991","ha","1210198","E","Estimated value",""
"QCL","Crops and livestock products","142","Asia","5412","Yield","0116","Rye","1991","1991","kg/ha","1503","E","Estimated value",""
"QCL","Crops and livestock products","142","Asia","5510","Production","0116","Rye","1991","1991","t","1818929.2","E","Estimated value",""
"QCL","Crops and livestock products","142","Asia","5312","Area harvested","0116","Rye","1992","1992","ha","1856717","E","Estimated value",""
"QCL","Crops and livestock products","142","Asia","5412","Yield","0116","Rye","1992","1992","kg/ha","1375.4","E","Estimated value",""
"QCL","Crops and livestock products","142","Asia","5510","Production","0116","Rye","1992","1992","t","2553698.6","E","Estimated value",""
"QCL","Crops and livestock products","142","Asia","5312","Area harvested","0116","Rye","1993","1993","ha","1623860","E","Estimated value",""
"QCL","Crops and livestock products","142","Asia","5412","Yield","0116","Rye","1993","1993","kg/ha","1516.9","E","Estimated value",""
"QCL","Crops and livestock products","142","Asia","5510","Production","0116","Rye","1993","1993","t","2463171","E","Estimated value",""
"QCL","Crops and livestock products","142","Asia","5312","Area harvested","0116","Rye","1994","1994","ha","1224232","E","Estimated value",""
"QCL","Crops and livestock products","142","Asia","5412","Yield","0116","Rye","1994","1994","kg/ha","1493.3","E","Estimated value",""
"QCL","Crops and livestock products","142","Asia","5510","Production","0116","Rye","1994","1994","t","1828171.7","E","Estimated value",""
"QCL","Crops and livestock products","142","Asia","5312","Area harvested","0116","Rye","1995","1995","ha","1125586","E","Estimated value",""
"QCL","Crops and livestock products","142","Asia","5412","Yield","0116","Rye","1995","1995","kg/ha","1434.8","E","Estimated value",""
"QCL","Crops and livestock products","142","Asia","5510","Production","0116","Rye","1995","1995","t","1615043","E","Estimated value",""
"QCL","Crops and livestock products","142","Asia","5312","Area harvested","0116","Rye","1996","1996","ha","889036","E","Estimated value",""
"QCL","Crops and livestock products","142","Asia","5412","Yield","0116","Rye","1996","1996","kg/ha","1484.9","E","Estimated value",""
"QCL","Crops and livestock products","142","Asia","5510","Production","0116","Rye","1996","1996","t","1320086.41","E","Estimated value",""
"QCL","Crops and livestock products","142","Asia","5312","Area harvested","0116","Rye","1997","1997","ha","995435","E","Estimated value",""
"QCL","Crops and livestock products","142","Asia","5412","Yield","0116","Rye","1997","1997","kg/ha","1567.9","E","Estimated value",""
"QCL","Crops and livestock products","142","Asia","5510","Production","0116","Rye","1997","1997","t","1560790.4","E","Estimated value",""
"QCL","Crops and livestock products","142","Asia","5312","Area harvested","0116","Rye","1998","1998","ha","831377","E","Estimated value",""
"QCL","Crops and livestock products","142","Asia","5412","Yield","0116","Rye","1998","1998","kg/ha","1596.8","E","Estimated value",""
"QCL","Crops and livestock products","142","Asia","5510","Production","0116","Rye","1998","1998","t","1327551.3","E","Estimated value",""
"QCL","Crops and livestock products","142","Asia","5312","Area harvested","0116","Rye","1999","1999","ha","705245","E","Estimated value",""
"QCL","Crops and livestock products","142","Asia","5412","Yield","0116","Rye","1999","1999","kg/ha","1695.9","E","Estimated value",""
"QCL","Crops and livestock products","142","Asia","5510","Production","0116","Rye","1999","1999","t","1196059.2","E","Estimated value",""
"QCL","Crops and livestock products","142","Asia","5312","Area harvested","0116","Rye","2000","2000","ha","865686","E","Estimated value",""
"QCL","Crops and livestock products","142","Asia","5412","Yield","0116","Rye","2000","2000","kg/ha","1557.3","E","Estimated value",""
"QCL","Crops and livestock products","142","Asia","5510","Production","0116","Rye","2000","2000","t","1348138.3","E","Estimated value",""
"QCL","Crops and livestock products","142","Asia","5312","Area harvested","0116","Rye","2001","2001","ha","742378","E","Estimated value",""
"QCL","Crops and livestock products","142","Asia","5412","Yield","0116","Rye","2001","2001","kg/ha","1357.5","E","Estimated value",""
"QCL","Crops and livestock products","142","Asia","5510","Production","0116","Rye","2001","2001","t","1007745.6","E","Estimated value",""
"QCL","Crops and livestock products","142","Asia","5312","Area harvested","0116","Rye","2002","2002","ha","648272","E","Estimated value",""
"QCL","Crops and livestock products","142","Asia","5412","Yield","0116","Rye","2002","2002","kg/ha","1500.4","E","Estimated value",""
"QCL","Crops and livestock products","142","Asia","5510","Production","0116","Rye","2002","2002","t","972639.07","E","Estimated value",""
"QCL","Crops and livestock products","142","Asia","5312","Area harvested","0116","Rye","2003","2003","ha","555249","E","Estimated value",""
"QCL","Crops and livestock products","142","Asia","5412","Yield","0116","Rye","2003","2003","kg/ha","1899.8","E","Estimated value",""
"QCL","Crops and livestock products","142","Asia","5510","Production","0116","Rye","2003","2003","t","1054836.9","E","Estimated value",""
"QCL","Crops and livestock products","142","Asia","5312","Area harvested","0116","Rye","2004","2004","ha","502576","E","Estimated value",""
"QCL","Crops and livestock products","142","Asia","5412","Yield","0116","Rye","2004","2004","kg/ha","1898.4","E","Estimated value",""
"QCL","Crops and livestock products","142","Asia","5510","Production","0116","Rye","2004","2004","t","954111.6","E","Estimated value",""
"QCL","Crops and livestock products","142","Asia","5312","Area harvested","0116","Rye","2005","2005","ha","490338","E","Estimated value",""
"QCL","Crops and livestock products","142","Asia","5412","Yield","0116","Rye","2005","2005","kg/ha","1861","E","Estimated value",""
"QCL","Crops and livestock products","142","Asia","5510","Production","0116","Rye","2005","2005","t","912509","E","Estimated value",""
"QCL","Crops and livestock products","142","Asia","5312","Area harvested","0116","Rye","2006","2006","ha","498437","E","Estimated value",""
"QCL","Crops and livestock products","142","Asia","5412","Yield","0116","Rye","2006","2006","kg/ha","1440.3","E","Estimated value",""
"QCL","Crops and livestock products","142","Asia","5510","Production","0116","Rye","2006","2006","t","717904.3","E","Estimated value",""
"QCL","Crops and livestock products","142","Asia","5312","Area harvested","0116","Rye","2007","2007","ha","524231","E","Estimated value",""
"QCL","Crops and livestock products","142","Asia","5412","Yield","0116","Rye","2007","2007","kg/ha","2056.8","E","Estimated value",""
"QCL","Crops and livestock products","142","Asia","5510","Production","0116","Rye","2007","2007","t","1078216.8","E","Estimated value",""
"QCL","Crops and livestock products","142","Asia","5312","Area harvested","0116","Rye","2008","2008","ha","447735","E","Estimated value",""
"QCL","Crops and livestock products","142","Asia","5412","Yield","0116","Rye","2008","2008","kg/ha","2243.4","E","Estimated value",""
"QCL","Crops and livestock products","142","Asia","5510","Production","0116","Rye","2008","2008","t","1004453.97","E","Estimated value",""
"QCL","Crops and livestock products","142","Asia","5312","Area harvested","0116","Rye","2009","2009","ha","433247","E","Estimated value",""
"QCL","Crops and livestock products","142","Asia","5412","Yield","0116","Rye","2009","2009","kg/ha","2592.7","E","Estimated value",""
"QCL","Crops and livestock products","142","Asia","5510","Production","0116","Rye","2009","2009","t","1123279.52","E","Estimated value",""
"QCL","Crops and livestock products","142","Asia","5312","Area harvested","0116","Rye","2010","2010","ha","415371","E","Estimated value",""
"QCL","Crops and livestock products","142","Asia","5412","Yield","0116","Rye","2010","2010","kg/ha","2528.1","E","Estimated value",""
"QCL","Crops and livestock products","142","Asia","5510","Production","0116","Rye","2010","2010","t","1050096.84","E","Estimated value",""
"QCL","Crops and livestock products","142","Asia","5312","Area harvested","0116","Rye","2011","2011","ha","404554","E","Estimated value",""
"QCL","Crops and livestock products","142","Asia","5412","Yield","0116","Rye","2011","2011","kg/ha","2998","E","Estimated value",""
"QCL","Crops and livestock products","142","Asia","5510","Production","0116","Rye","2011","2011","t","1212857.76","E","Estimated value",""
"QCL","Crops and livestock products","142","Asia","5312","Area harvested","0116","Rye","2012","2012","ha","422433","E","Estimated value",""
"QCL","Crops and livestock products","142","Asia","5412","Yield","0116","Rye","2012","2012","kg/ha","2661.9","E","Estimated value",""
"QCL","Crops and livestock products","142","Asia","5510","Production","0116","Rye","2012","2012","t","1124495.04","E","Estimated value",""
"QCL","Crops and livestock products","142","Asia","5312","Area harvested","0116","Rye","2013","2013","ha","509690","E","Estimated value",""
"QCL","Crops and livestock products","142","Asia","5412","Yield","0116","Rye","2013","2013","kg/ha","3054.4","E","Estimated value",""
"QCL","Crops and livestock products","142","Asia","5510","Production","0116","Rye","2013","2013","t","1556785.15","E","Estimated value",""
"QCL","Crops and livestock products","142","Asia","5312","Area harvested","0116","Rye","2014","2014","ha","463571","E","Estimated value",""
"QCL","Crops and livestock products","142","Asia","5412","Yield","0116","Rye","2014","2014","kg/ha","2936","E","Estimated value",""
"QCL","Crops and livestock products","142","Asia","5510","Production","0116","Rye","2014","2014","t","1361050.77","E","Estimated value",""
"QCL","Crops and livestock products","142","Asia","5312","Area harvested","0116","Rye","2015","2015","ha","385791","E","Estimated value",""
"QCL","Crops and livestock products","142","Asia","5412","Yield","0116","Rye","2015","2015","kg/ha","2703.3","E","Estimated value",""
"QCL","Crops and livestock products","142","Asia","5510","Production","0116","Rye","2015","2015","t","1042921.25","E","Estimated value",""
"QCL","Crops and livestock products","142","Asia","5312","Area harvested","0116","Rye","2016","2016","ha","412919","E","Estimated value",""
"QCL","Crops and livestock products","142","Asia","5412","Yield","0116","Rye","2016","2016","kg/ha","2765.8","E","Estimated value",""
"QCL","Crops and livestock products","142","Asia","5510","Production","0116","Rye","2016","2016","t","1142070.59","E","Estimated value",""
"QCL","Crops and livestock products","142","Asia","5312","Area harvested","0116","Rye","2017","2017","ha","408530","E","Estimated value",""
"QCL","Crops and livestock products","142","Asia","5412","Yield","0116","Rye","2017","2017","kg/ha","2997.2","E","Estimated value",""
"QCL","Crops and livestock products","142","Asia","5510","Production","0116","Rye","2017","2017","t","1224431.31","E","Estimated value",""
"QCL","Crops and livestock products","142","Asia","5312","Area harvested","0116","Rye","2018","2018","ha","359432","E","Estimated value",""
"QCL","Crops and livestock products","142","Asia","5412","Yield","0116","Rye","2018","2018","kg/ha","2608","E","Estimated value",""
"QCL","Crops and livestock products","142","Asia","5510","Production","0116","Rye","2018","2018","t","937408.22","E","Estimated value",""
"QCL","Crops and livestock products","142","Asia","5312","Area harvested","0116","Rye","2019","2019","ha","483237","E","Estimated value",""
"QCL","Crops and livestock products","142","Asia","5412","Yield","0116","Rye","2019","2019","kg/ha","3109.5","E","Estimated value",""
"QCL","Crops and livestock products","142","Asia","5510","Production","0116","Rye","2019","2019","t","1502601.65","E","Estimated value",""
"QCL","Crops and livestock products","142","Asia","5312","Area harvested","0116","Rye","2020","2020","ha","444662","E","Estimated value",""
"QCL","Crops and livestock products","142","Asia","5412","Yield","0116","Rye","2020","2020","kg/ha","3095.9","E","Estimated value",""
"QCL","Crops and livestock products","142","Asia","5510","Production","0116","Rye","2020","2020","t","1376626.99","E","Estimated value",""
"QCL","Crops and livestock products","142","Asia","5312","Area harvested","0116","Rye","2021","2021","ha","435653","E","Estimated value",""
"QCL","Crops and livestock products","142","Asia","5412","Yield","0116","Rye","2021","2021","kg/ha","2699.3","E","Estimated value",""
"QCL","Crops and livestock products","142","Asia","5510","Production","0116","Rye","2021","2021","t","1175973.95","E","Estimated value",""
"QCL","Crops and livestock products","142","Asia","5312","Area harvested","0116","Rye","2022","2022","ha","426682","E","Estimated value",""
"QCL","Crops and livestock products","142","Asia","5412","Yield","0116","Rye","2022","2022","kg/ha","2876.6","E","Estimated value",""
"QCL","Crops and livestock products","142","Asia","5510","Production","0116","Rye","2022","2022","t","1227373.64","E","Estimated value",""
"QCL","Crops and livestock products","142","Asia","5312","Area harvested","0116","Rye","2023","2023","ha","416286","E","Estimated value",""
"QCL","Crops and livestock products","142","Asia","5412","Yield","0116","Rye","2023","2023","kg/ha","2953.6","E","Estimated value",""
"QCL","Crops and livestock products","142","Asia","5510","Production","0116","Rye","2023","2023","t","1229532.62","E","Estimated value",""
"QCL","Crops and livestock products","142","Asia","5312","Area harvested","0116","Rye","2024","2024","ha","406560","E","Estimated value",""
"QCL","Crops and livestock products","142","Asia","5412","Yield","0116","Rye","2024","2024","kg/ha","2927.4","E","Estimated value",""
"QCL","Crops and livestock products","142","Asia","5510","Production","0116","Rye","2024","2024","t","1190168.79","E","Estimated value",""
"QCL","Crops and livestock products","142","Asia","5312","Area harvested","0111","Wheat","1961","1961","ha","61176946","A","Official figure",""
"QCL","Crops and livestock products","142","Asia","5412","Yield","0111","Wheat","1961","1961","kg/ha","748.6","A","Official figure",""
"QCL","Crops and livestock products","142","Asia","5510","Production","0111","Wheat","1961","1961","t","45797785","A","Official figure",""
"QCL","Crops and livestock products","142","Asia","5312","Area harvested","0111","Wheat","1962","1962","ha","61196155","A","Official figure",""
"QCL","Crops and livestock products","142","Asia","5412","Yield","0111","Wheat","1962","1962","kg/ha","844.8","A","Official figure",""
"QCL","Crops and livestock products","142","Asia","5510","Production","0111","Wheat","1962","1962","t","51695731","A","Official figure",""
"QCL","Crops and livestock products","142","Asia","5312","Area harvested","0111","Wheat","1963","1963","ha","60430351","A","Official figure",""
"QCL","Crops and livestock products","142","Asia","5412","Yield","0111","Wheat","1963","1963","kg/ha","853.2","A","Official figure",""
"QCL","Crops and livestock products","142","Asia","5510","Production","0111","Wheat","1963","1963","t","51557151","A","Official figure",""
"QCL","Crops and livestock products","142","Asia","5312","Area harvested","0111","Wheat","1964","1964","ha","62716308","A","Official figure",""
"QCL","Crops and livestock products","142","Asia","5412","Yield","0111","Wheat","1964","1964","kg/ha","843.1","A","Official figure",""
"QCL","Crops and livestock products","142","Asia","5510","Production","0111","Wheat","1964","1964","t","52873434","A","Official figure",""
"QCL","Crops and livestock products","142","Asia","5312","Area harvested","0111","Wheat","1965","1965","ha","63099067","A","Official figure",""
"QCL","Crops and livestock products","142","Asia","5412","Yield","0111","Wheat","1965","1965","kg/ha","975.5","A","Official figure",""
"QCL","Crops and livestock products","142","Asia","5510","Production","0111","Wheat","1965","1965","t","61555513","A","Official figure",""
"QCL","Crops and livestock products","142","Asia","5312","Area harvested","0111","Wheat","1966","1966","ha","61566894","A","Official figure",""
"QCL","Crops and livestock products","142","Asia","5412","Yield","0111","Wheat","1966","1966","kg/ha","966.1","A","Official figure",""
"QCL","Crops and livestock products","142","Asia","5510","Production","0111","Wheat","1966","1966","t","59478893","A","Official figure",""
"QCL","Crops and livestock products","142","Asia","5312","Area harvested","0111","Wheat","1967","1967","ha","62762304","A","Official figure",""
"QCL","Crops and livestock products","142","Asia","5412","Yield","0111","Wheat","1967","1967","kg/ha","1034.2","A","Official figure",""
"QCL","Crops and livestock products","142","Asia","5510","Production","0111","Wheat","1967","1967","t","64907421","A","Official figure",""
"QCL","Crops and livestock products","142","Asia","5312","Area harvested","0111","Wheat","1968","1968","ha","65741999","A","Official figure",""
"QCL","Crops and livestock products","142","Asia","5412","Yield","0111","Wheat","1968","1968","kg/ha","1084.5","A","Official figure",""
"QCL","Crops and livestock products","142","Asia","5510","Production","0111","Wheat","1968","1968","t","71295230","A","Official figure",""
"QCL","Crops and livestock products","142","Asia","5312","Area harvested","0111","Wheat","1969","1969","ha","67345203","A","Official figure",""
"QCL","Crops and livestock products","142","Asia","5412","Yield","0111","Wheat","1969","1969","kg/ha","1099.4","A","Official figure",""
"QCL","Crops and livestock products","142","Asia","5510","Production","0111","Wheat","1969","1969","t","74037482","A","Official figure",""
"QCL","Crops and livestock products","142","Asia","5312","Area harvested","0111","Wheat","1970","1970","ha","68948955","A","Official figure",""
"QCL","Crops and livestock products","142","Asia","5412","Yield","0111","Wheat","1970","1970","kg/ha","1112.9","A","Official figure",""
"QCL","Crops and livestock products","142","Asia","5510","Production","0111","Wheat","1970","1970","t","76735993","A","Official figure",""
"QCL","Crops and livestock products","142","Asia","5312","Area harvested","0111","Wheat","1971","1971","ha","69968539","A","Official figure",""
"QCL","Crops and livestock products","142","Asia","5412","Yield","0111","Wheat","1971","1971","kg/ha","1225.7","A","Official figure",""
"QCL","Crops and livestock products","142","Asia","5510","Production","0111","Wheat","1971","1971","t","85759835","A","Official figure",""
"QCL","Crops and livestock products","142","Asia","5312","Area harvested","0111","Wheat","1972","1972","ha","73135215","A","Official figure",""
"QCL","Crops and livestock products","142","Asia","5412","Yield","0111","Wheat","1972","1972","kg/ha","1296.2","A","Official figure",""
"QCL","Crops and livestock products","142","Asia","5510","Production","0111","Wheat","1972","1972","t","94796563","A","Official figure",""
"QCL","Crops and livestock products","142","Asia","5312","Area harvested","0111","Wheat","1973","1973","ha","72358809","A","Official figure",""
"QCL","Crops and livestock products","142","Asia","5412","Yield","0111","Wheat","1973","1973","kg/ha","1216.2","A","Official figure",""
"QCL","Crops and livestock products","142","Asia","5510","Production","0111","Wheat","1973","1973","t","88004295","A","Official figure",""
"QCL","Crops and livestock products","142","Asia","5312","Area harvested","0111","Wheat","1974","1974","ha","73538968","A","Official figure",""
"QCL","Crops and livestock products","142","Asia","5412","Yield","0111","Wheat","1974","1974","kg/ha","1275.9","A","Official figure",""
"QCL","Crops and livestock products","142","Asia","5510","Production","0111","Wheat","1974","1974","t","93829349","A","Official figure",""
"QCL","Crops and livestock products","142","Asia","5312","Area harvested","0111","Wheat","1975","1975","ha","73699940","A","Official figure",""
"QCL","Crops and livestock products","142","Asia","5412","Yield","0111","Wheat","1975","1975","kg/ha","1419.5","A","Official figure",""
"QCL","Crops and livestock products","142","Asia","5510","Production","0111","Wheat","1975","1975","t","104615191","A","Official figure",""
"QCL","Crops and livestock products","142","Asia","5312","Area harvested","0111","Wheat","1976","1976","ha","76997637","A","Official figure",""
"QCL","Crops and livestock products","142","Asia","5412","Yield","0111","Wheat","1976","1976","kg/ha","1538.5","A","Official figure",""
"QCL","Crops and livestock products","142","Asia","5510","Production","0111","Wheat","1976","1976","t","118461556","A","Official figure",""
"QCL","Crops and livestock products","142","Asia","5312","Area harvested","0111","Wheat","1977","1977","ha","76501124","A","Official figure",""
"QCL","Crops and livestock products","142","Asia","5412","Yield","0111","Wheat","1977","1977","kg/ha","1412","A","Official figure",""
"QCL","Crops and livestock products","142","Asia","5510","Production","0111","Wheat","1977","1977","t","108021112","A","Official figure",""
"QCL","Crops and livestock products","142","Asia","5312","Area harvested","0111","Wheat","1978","1978","ha","78839792","A","Official figure",""
"QCL","Crops and livestock products","142","Asia","5412","Yield","0111","Wheat","1978","1978","kg/ha","1571.2","A","Official figure",""
"QCL","Crops and livestock products","142","Asia","5510","Production","0111","Wheat","1978","1978","t","123874845","A","Official figure",""
"QCL","Crops and livestock products","142","Asia","5312","Area harvested","0111","Wheat","1979","1979","ha","79842299","A","Official figure",""
"QCL","Crops and livestock products","142","Asia","5412","Yield","0111","Wheat","1979","1979","kg/ha","1738.3","A","Official figure",""
"QCL","Crops and livestock products","142","Asia","5510","Production","0111","Wheat","1979","1979","t","138791979","A","Official figure",""
"QCL","Crops and livestock products","142","Asia","5312","Area harvested","0111","Wheat","1980","1980","ha","80050745","A","Official figure",""
"QCL","Crops and livestock products","142","Asia","5412","Yield","0111","Wheat","1980","1980","kg/ha","1612.2","A","Official figure",""
"QCL","Crops and livestock products","142","Asia","5510","Production","0111","Wheat","1980","1980","t","129056211","A","Official figure",""
"QCL","Crops and livestock products","142","Asia","5312","Area harvested","0111","Wheat","1981","1981","ha","79760724","A","Official figure",""
"QCL","Crops and livestock products","142","Asia","5412","Yield","0111","Wheat","1981","1981","kg/ha","1741.6","A","Official figure",""
"QCL","Crops and livestock products","142","Asia","5510","Production","0111","Wheat","1981","1981","t","138912856","A","Official figure",""
"QCL","Crops and livestock products","142","Asia","5312","Area harvested","0111","Wheat","1982","1982","ha","79094770","A","Official figure",""
"QCL","Crops and livestock products","142","Asia","5412","Yield","0111","Wheat","1982","1982","kg/ha","1897.4","A","Official figure",""
"QCL","Crops and livestock products","142","Asia","5510","Production","0111","Wheat","1982","1982","t","150073584","A","Official figure",""
"QCL","Crops and livestock products","142","Asia","5312","Area harvested","0111","Wheat","1983","1983","ha","82088910","A","Official figure",""
"QCL","Crops and livestock products","142","Asia","5412","Yield","0111","Wheat","1983","1983","kg/ha","2053.4","A","Official figure",""
"QCL","Crops and livestock products","142","Asia","5510","Production","0111","Wheat","1983","1983","t","168558736","A","Official figure",""
"QCL","Crops and livestock products","142","Asia","5312","Area harvested","0111","Wheat","1984","1984","ha","82264301","A","Official figure",""
"QCL","Crops and livestock products","142","Asia","5412","Yield","0111","Wheat","1984","1984","kg/ha","2144.7","A","Official figure",""
"QCL","Crops and livestock products","142","Asia","5510","Production","0111","Wheat","1984","1984","t","176433516","A","Official figure",""
"QCL","Crops and livestock products","142","Asia","5312","Area harvested","0111","Wheat","1985","1985","ha","82931606","A","Official figure",""
"QCL","Crops and livestock products","142","Asia","5412","Yield","0111","Wheat","1985","1985","kg/ha","2131.7","A","Official figure",""
"QCL","Crops and livestock products","142","Asia","5510","Production","0111","Wheat","1985","1985","t","176788313","A","Official figure",""
"QCL","Crops and livestock products","142","Asia","5312","Area harvested","0111","Wheat","1986","1986","ha","82386414","A","Official figure",""
"QCL","Crops and livestock products","142","Asia","5412","Yield","0111","Wheat","1986","1986","kg/ha","2290.3","A","Official figure",""
"QCL","Crops and livestock products","142","Asia","5510","Production","0111","Wheat","1986","1986","t","188687705","A","Official figure",""
"QCL","Crops and livestock products","142","Asia","5312","Area harvested","0111","Wheat","1987","1987","ha","82324744","A","Official figure",""
"QCL","Crops and livestock products","142","Asia","5412","Yield","0111","Wheat","1987","1987","kg/ha","2188.8","A","Official figure",""
"QCL","Crops and livestock products","142","Asia","5510","Production","0111","Wheat","1987","1987","t","180194567","A","Official figure",""
"QCL","Crops and livestock products","142","Asia","5312","Area harvested","0111","Wheat","1988","1988","ha","82042033","A","Official figure",""
"QCL","Crops and livestock products","142","Asia","5412","Yield","0111","Wheat","1988","1988","kg/ha","2248.8","A","Official figure",""
"QCL","Crops and livestock products","142","Asia","5510","Production","0111","Wheat","1988","1988","t","184500148","A","Official figure",""
"QCL","Crops and livestock products","142","Asia","5312","Area harvested","0111","Wheat","1989","1989","ha","83833767","A","Official figure",""
"QCL","Crops and livestock products","142","Asia","5412","Yield","0111","Wheat","1989","1989","kg/ha","2297.5","A","Official figure",""
"QCL","Crops and livestock products","142","Asia","5510","Production","0111","Wheat","1989","1989","t","192607934","A","Official figure",""
"QCL","Crops and livestock products","142","Asia","5312","Area harvested","0111","Wheat","1990","1990","ha","85170117","A","Official figure",""
"QCL","Crops and livestock products","142","Asia","5412","Yield","0111","Wheat","1990","1990","kg/ha","2384.2","A","Official figure",""
"QCL","Crops and livestock products","142","Asia","5510","Production","0111","Wheat","1990","1990","t","203062098","A","Official figure",""
"QCL","Crops and livestock products","142","Asia","5312","Area harvested","0111","Wheat","1991","1991","ha","86964932","A","Official figure",""
"QCL","Crops and livestock products","142","Asia","5412","Yield","0111","Wheat","1991","1991","kg/ha","2392.4","A","Official figure",""
"QCL","Crops and livestock products","142","Asia","5510","Production","0111","Wheat","1991","1991","t","208053033","A","Official figure",""
"QCL","Crops and livestock products","142","Asia","5312","Area harvested","0111","Wheat","1992","1992","ha","101304608","A","Official figure",""
"QCL","Crops and livestock products","142","Asia","5412","Yield","0111","Wheat","1992","1992","kg/ha","2348.9","A","Official figure",""
"QCL","Crops and livestock products","142","Asia","5510","Production","0111","Wheat","1992","1992","t","237957234.4","A","Official figure",""
"QCL","Crops and livestock products","142","Asia","5312","Area harvested","0111","Wheat","1993","1993","ha","102883029","A","Official figure",""
"QCL","Crops and livestock products","142","Asia","5412","Yield","0111","Wheat","1993","1993","kg/ha","2339.2","A","Official figure",""
"QCL","Crops and livestock products","142","Asia","5510","Production","0111","Wheat","1993","1993","t","240663485.2","A","Official figure",""
"QCL","Crops and livestock products","142","Asia","5312","Area harvested","0111","Wheat","1994","1994","ha","101309015","A","Official figure",""
"QCL","Crops and livestock products","142","Asia","5412","Yield","0111","Wheat","1994","1994","kg/ha","2259.7","A","Official figure",""
"QCL","Crops and livestock products","142","Asia","5510","Production","0111","Wheat","1994","1994","t","228927995","A","Official figure",""
"QCL","Crops and livestock products","142","Asia","5312","Area harvested","0111","Wheat","1995","1995","ha","100311050","A","Official figure",""
"QCL","Crops and livestock products","142","Asia","5412","Yield","0111","Wheat","1995","1995","kg/ha","2376.4","A","Official figure",""
"QCL","Crops and livestock products","142","Asia","5510","Production","0111","Wheat","1995","1995","t","238377769.9","A","Official figure",""
"QCL","Crops and livestock products","142","Asia","5312","Area harvested","0111","Wheat","1996","1996","ha","100860336","A","Official figure",""
"QCL","Crops and livestock products","142","Asia","5412","Yield","0111","Wheat","1996","1996","kg/ha","2418","A","Official figure",""
"QCL","Crops and livestock products","142","Asia","5510","Production","0111","Wheat","1996","1996","t","243879710","A","Official figure",""
"QCL","Crops and livestock products","142","Asia","5312","Area harvested","0111","Wheat","1997","1997","ha","101876990","A","Official figure",""
"QCL","Crops and livestock products","142","Asia","5412","Yield","0111","Wheat","1997","1997","kg/ha","2616.1","A","Official figure",""
"QCL","Crops and livestock products","142","Asia","5510","Production","0111","Wheat","1997","1997","t","266517220","A","Official figure",""
"QCL","Crops and livestock products","142","Asia","5312","Area harvested","0111","Wheat","1998","1998","ha","101040168","A","Official figure",""
"QCL","Crops and livestock products","142","Asia","5412","Yield","0111","Wheat","1998","1998","kg/ha","2517.4","A","Official figure",""
"QCL","Crops and livestock products","142","Asia","5510","Production","0111","Wheat","1998","1998","t","254355572.55","A","Official figure",""
"QCL","Crops and livestock products","142","Asia","5312","Area harvested","0111","Wheat","1999","1999","ha","98581563","A","Official figure",""
"QCL","Crops and livestock products","142","Asia","5412","Yield","0111","Wheat","1999","1999","kg/ha","2650.2","A","Official figure",""
"QCL","Crops and livestock products","142","Asia","5510","Production","0111","Wheat","1999","1999","t","261260971.74","A","Official figure",""
"QCL","Crops and livestock products","142","Asia","5312","Area harvested","0111","Wheat","2000","2000","ha","98007467","A","Official figure",""
"QCL","Crops and livestock products","142","Asia","5412","Yield","0111","Wheat","2000","2000","kg/ha","2598.4","A","Official figure",""
"QCL","Crops and livestock products","142","Asia","5510","Production","0111","Wheat","2000","2000","t","254662929","A","Official figure",""
"QCL","Crops and livestock products","142","Asia","5312","Area harvested","0111","Wheat","2001","2001","ha","94845081","A","Official figure",""
"QCL","Crops and livestock products","142","Asia","5412","Yield","0111","Wheat","2001","2001","kg/ha","2601","A","Official figure",""
"QCL","Crops and livestock products","142","Asia","5510","Production","0111","Wheat","2001","2001","t","246696147.02","A","Official figure",""
"QCL","Crops and livestock products","142","Asia","5312","Area harvested","0111","Wheat","2002","2002","ha","97024813","A","Official figure",""
"QCL","Crops and livestock products","142","Asia","5412","Yield","0111","Wheat","2002","2002","kg/ha","2622.3","A","Official figure",""
"QCL","Crops and livestock products","142","Asia","5510","Production","0111","Wheat","2002","2002","t","254431587.96","A","Official figure",""
"QCL","Crops and livestock products","142","Asia","5312","Area harvested","0111","Wheat","2003","2003","ha","94471795","A","Official figure",""
"QCL","Crops and livestock products","142","Asia","5412","Yield","0111","Wheat","2003","2003","kg/ha","2594.1","A","Official figure",""
"QCL","Crops and livestock products","142","Asia","5510","Production","0111","Wheat","2003","2003","t","245067959","A","Official figure",""
"QCL","Crops and livestock products","142","Asia","5312","Area harvested","0111","Wheat","2004","2004","ha","95847729","A","Official figure",""
"QCL","Crops and livestock products","142","Asia","5412","Yield","0111","Wheat","2004","2004","kg/ha","2680.1","A","Official figure",""
"QCL","Crops and livestock products","142","Asia","5510","Production","0111","Wheat","2004","2004","t","256881324.05","A","Official figure",""
"QCL","Crops and livestock products","142","Asia","5312","Area harvested","0111","Wheat","2005","2005","ha","98779912","A","Official figure",""
"QCL","Crops and livestock products","142","Asia","5412","Yield","0111","Wheat","2005","2005","kg/ha","2685.1","A","Official figure",""
"QCL","Crops and livestock products","142","Asia","5510","Production","0111","Wheat","2005","2005","t","265230077.21","A","Official figure",""
"QCL","Crops and livestock products","142","Asia","5312","Area harvested","0111","Wheat","2006","2006","ha","97766546","A","Official figure",""
"QCL","Crops and livestock products","142","Asia","5412","Yield","0111","Wheat","2006","2006","kg/ha","2830.4","A","Official figure",""
"QCL","Crops and livestock products","142","Asia","5510","Production","0111","Wheat","2006","2006","t","276713944","A","Official figure",""
"QCL","Crops and livestock products","142","Asia","5312","Area harvested","0111","Wheat","2007","2007","ha","99725131","A","Official figure",""
"QCL","Crops and livestock products","142","Asia","5412","Yield","0111","Wheat","2007","2007","kg/ha","2865.3","A","Official figure",""
"QCL","Crops and livestock products","142","Asia","5510","Production","0111","Wheat","2007","2007","t","285744795.11","A","Official figure",""
"QCL","Crops and livestock products","142","Asia","5312","Area harvested","0111","Wheat","2008","2008","ha","96461516","A","Official figure",""
"QCL","Crops and livestock products","142","Asia","5412","Yield","0111","Wheat","2008","2008","kg/ha","2821","A","Official figure",""
"QCL","Crops and livestock products","142","Asia","5510","Production","0111","Wheat","2008","2008","t","272119965.62","A","Official figure",""
"QCL","Crops and livestock products","142","Asia","5312","Area harvested","0111","Wheat","2009","2009","ha","101099541","A","Official figure",""
"QCL","Crops and livestock products","142","Asia","5412","Yield","0111","Wheat","2009","2009","kg/ha","2946.4","A","Official figure",""
"QCL","Crops and livestock products","142","Asia","5510","Production","0111","Wheat","2009","2009","t","297883691.51","A","Official figure",""
"QCL","Crops and livestock products","142","Asia","5312","Area harvested","0111","Wheat","2010","2010","ha","101106686","A","Official figure",""
"QCL","Crops and livestock products","142","Asia","5412","Yield","0111","Wheat","2010","2010","kg/ha","2851.7","A","Official figure",""
"QCL","Crops and livestock products","142","Asia","5510","Production","0111","Wheat","2010","2010","t","288324080.63","A","Official figure",""
"QCL","Crops and livestock products","142","Asia","5312","Area harvested","0111","Wheat","2011","2011","ha","101586489","A","Official figure",""
"QCL","Crops and livestock products","142","Asia","5412","Yield","0111","Wheat","2011","2011","kg/ha","3050.6","A","Official figure",""
"QCL","Crops and livestock products","142","Asia","5510","Production","0111","Wheat","2011","2011","t","309899466.99","A","Official figure",""
"QCL","Crops and livestock products","142","Asia","5312","Area harvested","0111","Wheat","2012","2012","ha","100546061","A","Official figure",""
"QCL","Crops and livestock products","142","Asia","5412","Yield","0111","Wheat","2012","2012","kg/ha","3054.9","A","Official figure",""
"QCL","Crops and livestock products","142","Asia","5510","Production","0111","Wheat","2012","2012","t","307155385.62","A","Official figure",""
"QCL","Crops and livestock products","142","Asia","5312","Area harvested","0111","Wheat","2013","2013","ha","101295444","A","Official figure",""
"QCL","Crops and livestock products","142","Asia","5412","Yield","0111","Wheat","2013","2013","kg/ha","3114","A","Official figure",""
"QCL","Crops and livestock products","142","Asia","5510","Production","0111","Wheat","2013","2013","t","315432609.27","A","Official figure",""
"QCL","Crops and livestock products","142","Asia","5312","Area harvested","0111","Wheat","2014","2014","ha","101365640","A","Official figure",""
"QCL","Crops and livestock products","142","Asia","5412","Yield","0111","Wheat","2014","2014","kg/ha","3162","A","Official figure",""
"QCL","Crops and livestock products","142","Asia","5510","Production","0111","Wheat","2014","2014","t","320518023.44","A","Official figure",""
"QCL","Crops and livestock products","142","Asia","5312","Area harvested","0111","Wheat","2015","2015","ha","100363543","A","Official figure",""
"QCL","Crops and livestock products","142","Asia","5412","Yield","0111","Wheat","2015","2015","kg/ha","3190.8","A","Official figure",""
"QCL","Crops and livestock products","142","Asia","5510","Production","0111","Wheat","2015","2015","t","320243602.48","A","Official figure",""
"QCL","Crops and livestock products","142","Asia","5312","Area harvested","0111","Wheat","2016","2016","ha","100436447","A","Official figure",""
"QCL","Crops and livestock products","142","Asia","5412","Yield","0111","Wheat","2016","2016","kg/ha","3271.9","A","Official figure",""
"QCL","Crops and livestock products","142","Asia","5510","Production","0111","Wheat","2016","2016","t","328622365.83","A","Official figure",""
"QCL","Crops and livestock products","142","Asia","5312","Area harvested","0111","Wheat","2017","2017","ha","99148096","A","Official figure",""
"QCL","Crops and livestock products","142","Asia","5412","Yield","0111","Wheat","2017","2017","kg/ha","3368.4","A","Official figure",""
"QCL","Crops and livestock products","142","Asia","5510","Production","0111","Wheat","2017","2017","t","333970985.64","A","Official figure",""
"QCL","Crops and livestock products","142","Asia","5312","Area harvested","0111","Wheat","2018","2018","ha","95637914","A","Official figure",""
"QCL","Crops and livestock products","142","Asia","5412","Yield","0111","Wheat","2018","2018","kg/ha","3411.4","A","Official figure",""
"QCL","Crops and livestock products","142","Asia","5510","Production","0111","Wheat","2018","2018","t","326259332.1","A","Official figure",""
"QCL","Crops and livestock products","142","Asia","5312","Area harvested","0111","Wheat","2019","2019","ha","96263019","A","Official figure",""
"QCL","Crops and livestock products","142","Asia","5412","Yield","0111","Wheat","2019","2019","kg/ha","3481.2","A","Official figure",""
"QCL","Crops and livestock products","142","Asia","5510","Production","0111","Wheat","2019","2019","t","335113335.7","A","Official figure",""
"QCL","Crops and livestock products","142","Asia","5312","Area harvested","0111","Wheat","2020","2020","ha","99931248","A","Official figure",""
"QCL","Crops and livestock products","142","Asia","5412","Yield","0111","Wheat","2020","2020","kg/ha","3471.7","A","Official figure",""
"QCL","Crops and livestock products","142","Asia","5510","Production","0111","Wheat","2020","2020","t","346931555.89","A","Official figure",""
"QCL","Crops and livestock products","142","Asia","5312","Area harvested","0111","Wheat","2021","2021","ha","98572764","A","Official figure",""
"QCL","Crops and livestock products","142","Asia","5412","Yield","0111","Wheat","2021","2021","kg/ha","3465.2","A","Official figure",""
"QCL","Crops and livestock products","142","Asia","5510","Production","0111","Wheat","2021","2021","t","341571448.82","A","Official figure",""
"QCL","Crops and livestock products","142","Asia","5312","Area harvested","0111","Wheat","2022","2022","ha","97166461","A","Official figure",""
"QCL","Crops and livestock products","142","Asia","5412","Yield","0111","Wheat","2022","2022","kg/ha","3565","A","Official figure",""
"QCL","Crops and livestock products","142","Asia","5510","Production","0111","Wheat","2022","2022","t","346398124.66","A","Official figure",""
"QCL","Crops and livestock products","142","Asia","5312","Area harvested","0111","Wheat","2023","2023","ha","100841000","A","Official figure",""
"QCL","Crops and livestock products","142","Asia","5412","Yield","0111","Wheat","2023","2023","kg/ha","3525.3","A","Official figure",""
"QCL","Crops and livestock products","142","Asia","5510","Production","0111","Wheat","2023","2023","t","355490189.37","A","Official figure",""
"QCL","Crops and livestock products","142","Asia","5312","Area harvested","0111","Wheat","2024","2024","ha","102470172","A","Official figure",""
"QCL","Crops and livestock products","142","Asia","5412","Yield","0111","Wheat","2024","2024","kg/ha","3630.5","A","Official figure",""
"QCL","Crops and livestock products","142","Asia","5510","Production","0111","Wheat","2024","2024","t","372019396.77","A","Official figure",""
"QCL","Crops and livestock products","150","Europe","5312","Area harvested","01929.01","Flax, raw or retted","1961","1961","ha","1974883","A","Official figure",""
"QCL","Crops and livestock products","150","Europe","5510","Production","01929.01","Flax, raw or retted","1961","1961","t","630042","A","Official figure",""
"QCL","Crops and livestock products","150","Europe","5312","Area harvested","01929.01","Flax, raw or retted","1962","1962","ha","2088384","A","Official figure",""
"QCL","Crops and livestock products","150","Europe","5510","Production","01929.01","Flax, raw or retted","1962","1962","t","691359","A","Official figure",""
"QCL","Crops and livestock products","150","Europe","5312","Area harvested","01929.01","Flax, raw or retted","1963","1963","ha","1854500","A","Official figure",""
"QCL","Crops and livestock products","150","Europe","5510","Production","01929.01","Flax, raw or retted","1963","1963","t","645103","A","Official figure",""
"QCL","Crops and livestock products","150","Europe","5312","Area harvested","01929.01","Flax, raw or retted","1964","1964","ha","1967014","A","Official figure",""
"QCL","Crops and livestock products","150","Europe","5510","Production","01929.01","Flax, raw or retted","1964","1964","t","627477","A","Official figure",""
"QCL","Crops and livestock products","150","Europe","5312","Area harvested","01929.01","Flax, raw or retted","1965","1965","ha","1809833","A","Official figure",""
"QCL","Crops and livestock products","150","Europe","5510","Production","01929.01","Flax, raw or retted","1965","1965","t","712281","A","Official figure",""
"QCL","Crops and livestock products","150","Europe","5312","Area harvested","01929.01","Flax, raw or retted","1966","1966","ha","1724692","A","Official figure",""
"QCL","Crops and livestock products","150","Europe","5510","Production","01929.01","Flax, raw or retted","1966","1966","t","692237","A","Official figure",""
"QCL","Crops and livestock products","150","Europe","5312","Area harvested","01929.01","Flax, raw or retted","1967","1967","ha","1690599","A","Official figure",""
"QCL","Crops and livestock products","150","Europe","5510","Production","01929.01","Flax, raw or retted","1967","1967","t","715045","A","Official figure",""
"QCL","Crops and livestock products","150","Europe","5312","Area harvested","01929.01","Flax, raw or retted","1968","1968","ha","1616920","A","Official figure",""
"QCL","Crops and livestock products","150","Europe","5510","Production","01929.01","Flax, raw or retted","1968","1968","t","594151","A","Official figure",""
"QCL","Crops and livestock products","150","Europe","5312","Area harvested","01929.01","Flax, raw or retted","1969","1969","ha","1581128","A","Official figure",""
"QCL","Crops and livestock products","150","Europe","5510","Production","01929.01","Flax, raw or retted","1969","1969","t","684266","A","Official figure",""
"QCL","Crops and livestock products","150","Europe","5312","Area harvested","01929.01","Flax, raw or retted","1970","1970","ha","1535087","A","Official figure",""
"QCL","Crops and livestock products","150","Europe","5510","Production","01929.01","Flax, raw or retted","1970","1970","t","613517","A","Official figure",""
"QCL","Crops and livestock products","150","Europe","5312","Area harvested","01929.01","Flax, raw or retted","1971","1971","ha","1506726","A","Official figure",""
"QCL","Crops and livestock products","150","Europe","5510","Production","01929.01","Flax, raw or retted","1971","1971","t","681921","A","Official figure",""
"QCL","Crops and livestock products","150","Europe","5312","Area harvested","01929.01","Flax, raw or retted","1972","1972","ha","1498526","A","Official figure",""
"QCL","Crops and livestock products","150","Europe","5510","Production","01929.01","Flax, raw or retted","1972","1972","t","633367","A","Official figure",""
"QCL","Crops and livestock products","150","Europe","5312","Area harvested","01929.01","Flax, raw or retted","1973","1973","ha","1468859","A","Official figure",""
"QCL","Crops and livestock products","150","Europe","5510","Production","01929.01","Flax, raw or retted","1973","1973","t","593878","A","Official figure",""
"QCL","Crops and livestock products","150","Europe","5312","Area harvested","01929.01","Flax, raw or retted","1974","1974","ha","1436562","A","Official figure",""
"QCL","Crops and livestock products","150","Europe","5510","Production","01929.01","Flax, raw or retted","1974","1974","t","567417","A","Official figure",""
"QCL","Crops and livestock products","150","Europe","5312","Area harvested","01929.01","Flax, raw or retted","1975","1975","ha","1466407","A","Official figure",""
"QCL","Crops and livestock products","150","Europe","5510","Production","01929.01","Flax, raw or retted","1975","1975","t","684342","A","Official figure",""
"QCL","Crops and livestock products","150","Europe","5312","Area harvested","01929.01","Flax, raw or retted","1976","1976","ha","1495237","A","Official figure",""
"QCL","Crops and livestock products","150","Europe","5510","Production","01929.01","Flax, raw or retted","1976","1976","t","723731","A","Official figure",""
"QCL","Crops and livestock products","150","Europe","5312","Area harvested","01929.01","Flax, raw or retted","1977","1977","ha","1466366","A","Official figure",""
"QCL","Crops and livestock products","150","Europe","5510","Production","01929.01","Flax, raw or retted","1977","1977","t","662919","A","Official figure",""
"QCL","Crops and livestock products","150","Europe","5312","Area harvested","01929.01","Flax, raw or retted","1978","1978","ha","1459960","A","Official figure",""
"QCL","Crops and livestock products","150","Europe","5510","Production","01929.01","Flax, raw or retted","1978","1978","t","600331","A","Official figure",""
"QCL","Crops and livestock products","150","Europe","5312","Area harvested","01929.01","Flax, raw or retted","1979","1979","ha","1319742","A","Official figure",""
"QCL","Crops and livestock products","150","Europe","5510","Production","01929.01","Flax, raw or retted","1979","1979","t","508364","A","Official figure",""
"QCL","Crops and livestock products","150","Europe","5312","Area harvested","01929.01","Flax, raw or retted","1980","1980","ha","1374808","A","Official figure",""
"QCL","Crops and livestock products","150","Europe","5510","Production","01929.01","Flax, raw or retted","1980","1980","t","477862","A","Official figure",""
"QCL","Crops and livestock products","150","Europe","5312","Area harvested","01929.01","Flax, raw or retted","1981","1981","ha","1171415","A","Official figure",""
"QCL","Crops and livestock products","150","Europe","5510","Production","01929.01","Flax, raw or retted","1981","1981","t","392864","A","Official figure",""
"QCL","Crops and livestock products","150","Europe","5312","Area harvested","01929.01","Flax, raw or retted","1982","1982","ha","1216629","A","Official figure",""
"QCL","Crops and livestock products","150","Europe","5510","Production","01929.01","Flax, raw or retted","1982","1982","t","555778","A","Official figure",""
"QCL","Crops and livestock products","150","Europe","5312","Area harvested","01929.01","Flax, raw or retted","1983","1983","ha","1268129","A","Official figure",""
"QCL","Crops and livestock products","150","Europe","5510","Production","01929.01","Flax, raw or retted","1983","1983","t","643254","A","Official figure",""
"QCL","Crops and livestock products","150","Europe","5312","Area harvested","01929.01","Flax, raw or retted","1984","1984","ha","1278172","A","Official figure",""
"QCL","Crops and livestock products","150","Europe","5510","Production","01929.01","Flax, raw or retted","1984","1984","t","620276","A","Official figure",""
"QCL","Crops and livestock products","150","Europe","5312","Area harvested","01929.01","Flax, raw or retted","1985","1985","ha","1246193","A","Official figure",""
"QCL","Crops and livestock products","150","Europe","5510","Production","01929.01","Flax, raw or retted","1985","1985","t","582439","A","Official figure",""
"QCL","Crops and livestock products","150","Europe","5312","Area harvested","01929.01","Flax, raw or retted","1986","1986","ha","1175201","A","Official figure",""
"QCL","Crops and livestock products","150","Europe","5510","Production","01929.01","Flax, raw or retted","1986","1986","t","506840","A","Official figure",""
"QCL","Crops and livestock products","150","Europe","5312","Area harvested","01929.01","Flax, raw or retted","1987","1987","ha","1163216","A","Official figure",""
"QCL","Crops and livestock products","150","Europe","5510","Production","01929.01","Flax, raw or retted","1987","1987","t","608600","A","Official figure",""
"QCL","Crops and livestock products","150","Europe","5312","Area harvested","01929.01","Flax, raw or retted","1988","1988","ha","1132653","A","Official figure",""
"QCL","Crops and livestock products","150","Europe","5510","Production","01929.01","Flax, raw or retted","1988","1988","t","526699","A","Official figure",""
"QCL","Crops and livestock products","150","Europe","5312","Area harvested","01929.01","Flax, raw or retted","1989","1989","ha","1082071","A","Official figure",""
"QCL","Crops and livestock products","150","Europe","5510","Production","01929.01","Flax, raw or retted","1989","1989","t","539026","A","Official figure",""
"QCL","Crops and livestock products","150","Europe","5312","Area harvested","01929.01","Flax, raw or retted","1990","1990","ha","931867","A","Official figure",""
"QCL","Crops and livestock products","150","Europe","5510","Production","01929.01","Flax, raw or retted","1990","1990","t","428603","A","Official figure",""
"QCL","Crops and livestock products","150","Europe","5312","Area harvested","01929.01","Flax, raw or retted","1991","1991","ha","729866","A","Official figure",""
"QCL","Crops and livestock products","150","Europe","5510","Production","01929.01","Flax, raw or retted","1991","1991","t","670638.8","A","Official figure",""
"QCL","Crops and livestock products","150","Europe","5312","Area harvested","01929.01","Flax, raw or retted","1992","1992","ha","709943","A","Official figure",""
"QCL","Crops and livestock products","150","Europe","5510","Production","01929.01","Flax, raw or retted","1992","1992","t","503087.42","A","Official figure",""
"QCL","Crops and livestock products","150","Europe","5312","Area harvested","01929.01","Flax, raw or retted","1993","1993","ha","561069","A","Official figure",""
"QCL","Crops and livestock products","150","Europe","5510","Production","01929.01","Flax, raw or retted","1993","1993","t","489332.56","A","Official figure",""
"QCL","Crops and livestock products","150","Europe","5312","Area harvested","01929.01","Flax, raw or retted","1994","1994","ha","416963","A","Official figure",""
"QCL","Crops and livestock products","150","Europe","5510","Production","01929.01","Flax, raw or retted","1994","1994","t","575594.09","A","Official figure",""
"QCL","Crops and livestock products","150","Europe","5312","Area harvested","01929.01","Flax, raw or retted","1995","1995","ha","492939","A","Official figure",""
"QCL","Crops and livestock products","150","Europe","5510","Production","01929.01","Flax, raw or retted","1995","1995","t","635585.3","A","Official figure",""
"QCL","Crops and livestock products","150","Europe","5312","Area harvested","01929.01","Flax, raw or retted","1996","1996","ha","432791","A","Official figure",""
"QCL","Crops and livestock products","150","Europe","5510","Production","01929.01","Flax, raw or retted","1996","1996","t","535457.2","A","Official figure",""
"QCL","Crops and livestock products","150","Europe","5312","Area harvested","01929.01","Flax, raw or retted","1997","1997","ha","368051","A","Official figure",""
"QCL","Crops and livestock products","150","Europe","5510","Production","01929.01","Flax, raw or retted","1997","1997","t","504392.94","A","Official figure",""
"QCL","Crops and livestock products","150","Europe","5312","Area harvested","01929.01","Flax, raw or retted","1998","1998","ha","396107","A","Official figure",""
"QCL","Crops and livestock products","150","Europe","5510","Production","01929.01","Flax, raw or retted","1998","1998","t","523909.39","A","Official figure",""
"QCL","Crops and livestock products","150","Europe","5312","Area harvested","01929.01","Flax, raw or retted","1999","1999","ha","400541","A","Official figure",""
"QCL","Crops and livestock products","150","Europe","5510","Production","01929.01","Flax, raw or retted","1999","1999","t","579115.82","A","Official figure",""
"QCL","Crops and livestock products","150","Europe","5312","Area harvested","01929.01","Flax, raw or retted","2000","2000","ha","329614","A","Official figure",""
"QCL","Crops and livestock products","150","Europe","5510","Production","01929.01","Flax, raw or retted","2000","2000","t","590708.12","A","Official figure",""
"QCL","Crops and livestock products","150","Europe","5312","Area harvested","01929.01","Flax, raw or retted","2001","2001","ha","357838","A","Official figure",""
"QCL","Crops and livestock products","150","Europe","5510","Production","01929.01","Flax, raw or retted","2001","2001","t","483646.41","A","Official figure",""
"QCL","Crops and livestock products","150","Europe","5312","Area harvested","01929.01","Flax, raw or retted","2002","2002","ha","305002","A","Official figure",""
"QCL","Crops and livestock products","150","Europe","5510","Production","01929.01","Flax, raw or retted","2002","2002","t","671791.68","A","Official figure",""
"QCL","Crops and livestock products","150","Europe","5312","Area harvested","01929.01","Flax, raw or retted","2003","2003","ha","317116","A","Official figure",""
"QCL","Crops and livestock products","150","Europe","5510","Production","01929.01","Flax, raw or retted","2003","2003","t","743450.57","A","Official figure",""
"QCL","Crops and livestock products","150","Europe","5312","Area harvested","01929.01","Flax, raw or retted","2004","2004","ha","348272","A","Official figure",""
"QCL","Crops and livestock products","150","Europe","5510","Production","01929.01","Flax, raw or retted","2004","2004","t","776229.58","A","Official figure",""
"QCL","Crops and livestock products","150","Europe","5312","Area harvested","01929.01","Flax, raw or retted","2005","2005","ha","318788","A","Official figure",""
"QCL","Crops and livestock products","150","Europe","5510","Production","01929.01","Flax, raw or retted","2005","2005","t","798709.76","A","Official figure",""
"QCL","Crops and livestock products","150","Europe","5312","Area harvested","01929.01","Flax, raw or retted","2006","2006","ha","253975","A","Official figure",""
"QCL","Crops and livestock products","150","Europe","5510","Production","01929.01","Flax, raw or retted","2006","2006","t","679775.71","A","Official figure",""
"QCL","Crops and livestock products","150","Europe","5312","Area harvested","01929.01","Flax, raw or retted","2007","2007","ha","253939","A","Official figure",""
"QCL","Crops and livestock products","150","Europe","5510","Production","01929.01","Flax, raw or retted","2007","2007","t","603556.4","A","Official figure",""
"QCL","Crops and livestock products","150","Europe","5312","Area harvested","01929.01","Flax, raw or retted","2008","2008","ha","251157","A","Official figure",""
"QCL","Crops and livestock products","150","Europe","5510","Production","01929.01","Flax, raw or retted","2008","2008","t","706320.14","A","Official figure",""
"QCL","Crops and livestock products","150","Europe","5312","Area harvested","01929.01","Flax, raw or retted","2009","2009","ha","215848","A","Official figure",""
"QCL","Crops and livestock products","150","Europe","5510","Production","01929.01","Flax, raw or retted","2009","2009","t","561308.01","A","Official figure",""
"QCL","Crops and livestock products","150","Europe","5312","Area harvested","01929.01","Flax, raw or retted","2010","2010","ha","183271","A","Official figure",""
"QCL","Crops and livestock products","150","Europe","5510","Production","01929.01","Flax, raw or retted","2010","2010","t","543506.39","A","Official figure",""
"QCL","Crops and livestock products","150","Europe","5312","Area harvested","01929.01","Flax, raw or retted","2011","2011","ha","196557","A","Official figure",""
"QCL","Crops and livestock products","150","Europe","5510","Production","01929.01","Flax, raw or retted","2011","2011","t","431127.64","A","Official figure",""
"QCL","Crops and livestock products","150","Europe","5312","Area harvested","01929.01","Flax, raw or retted","2012","2012","ha","200174","A","Official figure",""
"QCL","Crops and livestock products","150","Europe","5510","Production","01929.01","Flax, raw or retted","2012","2012","t","663532.21","A","Official figure",""
"QCL","Crops and livestock products","150","Europe","5312","Area harvested","01929.01","Flax, raw or retted","2013","2013","ha","184496","A","Official figure",""
"QCL","Crops and livestock products","150","Europe","5510","Production","01929.01","Flax, raw or retted","2013","2013","t","639640.61","A","Official figure",""
"QCL","Crops and livestock products","150","Europe","5312","Area harvested","01929.01","Flax, raw or retted","2014","2014","ha","178876","A","Official figure",""
"QCL","Crops and livestock products","150","Europe","5510","Production","01929.01","Flax, raw or retted","2014","2014","t","704874.42","A","Official figure",""
"QCL","Crops and livestock products","150","Europe","5312","Area harvested","01929.01","Flax, raw or retted","2015","2015","ha","196999","A","Official figure",""
"QCL","Crops and livestock products","150","Europe","5510","Production","01929.01","Flax, raw or retted","2015","2015","t","723699.11","A","Official figure",""
"QCL","Crops and livestock products","150","Europe","5312","Area harvested","01929.01","Flax, raw or retted","2016","2016","ha","206238","A","Official figure",""
"QCL","Crops and livestock products","150","Europe","5510","Production","01929.01","Flax, raw or retted","2016","2016","t","802874.3","A","Official figure",""
"QCL","Crops and livestock products","150","Europe","5312","Area harvested","01929.01","Flax, raw or retted","2017","2017","ha","217623","A","Official figure",""
"QCL","Crops and livestock products","150","Europe","5510","Production","01929.01","Flax, raw or retted","2017","2017","t","776649.9","A","Official figure",""
"QCL","Crops and livestock products","150","Europe","5312","Area harvested","01929.01","Flax, raw or retted","2018","2018","ha","221924","A","Official figure",""
"QCL","Crops and livestock products","150","Europe","5510","Production","01929.01","Flax, raw or retted","2018","2018","t","837879.38","A","Official figure",""
"QCL","Crops and livestock products","150","Europe","5312","Area harvested","01929.01","Flax, raw or retted","2019","2019","ha","244476","A","Official figure",""
"QCL","Crops and livestock products","150","Europe","5510","Production","01929.01","Flax, raw or retted","2019","2019","t","1060933.3","A","Official figure",""
"QCL","Crops and livestock products","150","Europe","5312","Area harvested","01929.01","Flax, raw or retted","2020","2020","ha","265724","A","Official figure",""
"QCL","Crops and livestock products","150","Europe","5510","Production","01929.01","Flax, raw or retted","2020","2020","t","937240.77","A","Official figure",""
"QCL","Crops and livestock products","150","Europe","5312","Area harvested","01929.01","Flax, raw or retted","2021","2021","ha","219505","A","Official figure",""
"QCL","Crops and livestock products","150","Europe","5510","Production","01929.01","Flax, raw or retted","2021","2021","t","855625.75","A","Official figure",""
"QCL","Crops and livestock products","150","Europe","5312","Area harvested","01929.01","Flax, raw or retted","2022","2022","ha","235162","A","Official figure",""
"QCL","Crops and livestock products","150","Europe","5510","Production","01929.01","Flax, raw or retted","2022","2022","t","833273.67","A","Official figure",""
"QCL","Crops and livestock products","150","Europe","5312","Area harvested","01929.01","Flax, raw or retted","2023","2023","ha","228380","E","Estimated value",""
"QCL","Crops and livestock products","150","Europe","5510","Production","01929.01","Flax, raw or retted","2023","2023","t","665855","A","Official figure",""
"QCL","Crops and livestock products","150","Europe","5312","Area harvested","01929.01","Flax, raw or retted","2024","2024","ha","260370","A","Official figure",""
"QCL","Crops and livestock products","150","Europe","5510","Production","01929.01","Flax, raw or retted","2024","2024","t","1250585","A","Official figure",""
"QCL","Crops and livestock products","150","Europe","5312","Area harvested","0116","Rye","1961","1961","ha","26622587","A","Official figure",""
"QCL","Crops and livestock products","150","Europe","5412","Yield","0116","Rye","1961","1961","kg/ha","1194.4","A","Official figure",""
"QCL","Crops and livestock products","150","Europe","5510","Production","0116","Rye","1961","1961","t","31799349","A","Official figure",""
"QCL","Crops and livestock products","150","Europe","5312","Area harvested","0116","Rye","1962","1962","ha","26383889","A","Official figure",""
"QCL","Crops and livestock products","150","Europe","5412","Yield","0116","Rye","1962","1962","kg/ha","1177.1","A","Official figure",""
"QCL","Crops and livestock products","150","Europe","5510","Production","0116","Rye","1962","1962","t","31057102","A","Official figure",""
"QCL","Crops and livestock products","150","Europe","5312","Area harvested","0116","Rye","1963","1963","ha","23936366","A","Official figure",""
"QCL","Crops and livestock products","150","Europe","5412","Yield","0116","Rye","1963","1963","kg/ha","1110.8","A","Official figure",""
"QCL","Crops and livestock products","150","Europe","5510","Production","0116","Rye","1963","1963","t","26588981","A","Official figure",""
"QCL","Crops and livestock products","150","Europe","5312","Area harvested","0116","Rye","1964","1964","ha","25743074","A","Official figure",""
"QCL","Crops and livestock products","150","Europe","5412","Yield","0116","Rye","1964","1964","kg/ha","1117.4","A","Official figure",""
"QCL","Crops and livestock products","150","Europe","5510","Production","0116","Rye","1964","1964","t","28766246","A","Official figure",""
"QCL","Crops and livestock products","150","Europe","5312","Area harvested","0116","Rye","1965","1965","ha","24960836","A","Official figure",""
"QCL","Crops and livestock products","150","Europe","5412","Yield","0116","Rye","1965","1965","kg/ha","1261","A","Official figure",""
"QCL","Crops and livestock products","150","Europe","5510","Production","0116","Rye","1965","1965","t","31475486","A","Official figure",""
"QCL","Crops and livestock products","150","Europe","5312","Area harvested","0116","Rye","1966","1966","ha","21958071","A","Official figure",""
"QCL","Crops and livestock products","150","Europe","5412","Yield","0116","Rye","1966","1966","kg/ha","1237.3","A","Official figure",""
"QCL","Crops and livestock products","150","Europe","5510","Production","0116","Rye","1966","1966","t","27168792","A","Official figure",""
"QCL","Crops and livestock products","150","Europe","5312","Area harvested","0116","Rye","1967","1967","ha","20508573","A","Official figure",""
"QCL","Crops and livestock products","150","Europe","5412","Yield","0116","Rye","1967","1967","kg/ha","1361","A","Official figure",""
"QCL","Crops and livestock products","150","Europe","5510","Production","0116","Rye","1967","1967","t","27911400","A","Official figure",""
"QCL","Crops and livestock products","150","Europe","5312","Area harvested","0116","Rye","1968","1968","ha","20230812","A","Official figure",""
"QCL","Crops and livestock products","150","Europe","5412","Yield","0116","Rye","1968","1968","kg/ha","1471","A","Official figure",""
"QCL","Crops and livestock products","150","Europe","5510","Production","0116","Rye","1968","1968","t","29759721","A","Official figure",""
"QCL","Crops and livestock products","150","Europe","5312","Area harvested","0116","Rye","1969","1969","ha","16853054","A","Official figure",""
"QCL","Crops and livestock products","150","Europe","5412","Yield","0116","Rye","1969","1969","kg/ha","1526","A","Official figure",""
"QCL","Crops and livestock products","150","Europe","5510","Production","0116","Rye","1969","1969","t","25717545","A","Official figure",""
"QCL","Crops and livestock products","150","Europe","5312","Area harvested","0116","Rye","1970","1970","ha","16684453","A","Official figure",""
"QCL","Crops and livestock products","150","Europe","5412","Yield","0116","Rye","1970","1970","kg/ha","1439.7","A","Official figure",""
"QCL","Crops and livestock products","150","Europe","5510","Production","0116","Rye","1970","1970","t","24020139","A","Official figure",""
"QCL","Crops and livestock products","150","Europe","5312","Area harvested","0116","Rye","1971","1971","ha","16421477","A","Official figure",""
"QCL","Crops and livestock products","150","Europe","5412","Yield","0116","Rye","1971","1971","kg/ha","1666.3","A","Official figure",""
"QCL","Crops and livestock products","150","Europe","5510","Production","0116","Rye","1971","1971","t","27363267","A","Official figure",""
"QCL","Crops and livestock products","150","Europe","5312","Area harvested","0116","Rye","1972","1972","ha","14820255","A","Official figure",""
"QCL","Crops and livestock products","150","Europe","5412","Yield","0116","Rye","1972","1972","kg/ha","1674","A","Official figure",""
"QCL","Crops and livestock products","150","Europe","5510","Production","0116","Rye","1972","1972","t","24809829","A","Official figure",""
"QCL","Crops and livestock products","150","Europe","5312","Area harvested","0116","Rye","1973","1973","ha","13294608","A","Official figure",""
"QCL","Crops and livestock products","150","Europe","5412","Yield","0116","Rye","1973","1973","kg/ha","1900.1","A","Official figure",""
"QCL","Crops and livestock products","150","Europe","5510","Production","0116","Rye","1973","1973","t","25260448","A","Official figure",""
"QCL","Crops and livestock products","150","Europe","5312","Area harvested","0116","Rye","1974","1974","ha","15761866","A","Official figure",""
"QCL","Crops and livestock products","150","Europe","5412","Yield","0116","Rye","1974","1974","kg/ha","1856","A","Official figure",""
"QCL","Crops and livestock products","150","Europe","5510","Production","0116","Rye","1974","1974","t","29253701","A","Official figure",""
"QCL","Crops and livestock products","150","Europe","5312","Area harvested","0116","Rye","1975","1975","ha","13377347","A","Official figure",""
"QCL","Crops and livestock products","150","Europe","5412","Yield","0116","Rye","1975","1975","kg/ha","1552.7","A","Official figure",""
"QCL","Crops and livestock products","150","Europe","5510","Production","0116","Rye","1975","1975","t","20771472","A","Official figure",""
"QCL","Crops and livestock products","150","Europe","5312","Area harvested","0116","Rye","1976","1976","ha","14662107","A","Official figure",""
"QCL","Crops and livestock products","150","Europe","5412","Yield","0116","Rye","1976","1976","kg/ha","1780.2","A","Official figure",""
"QCL","Crops and livestock products","150","Europe","5510","Production","0116","Rye","1976","1976","t","26101017","A","Official figure",""
"QCL","Crops and livestock products","150","Europe","5312","Area harvested","0116","Rye","1977","1977","ha","12569347","A","Official figure",""
"QCL","Crops and livestock products","150","Europe","5412","Yield","0116","Rye","1977","1977","kg/ha","1678.6","A","Official figure",""
"QCL","Crops and livestock products","150","Europe","5510","Production","0116","Rye","1977","1977","t","21099052","A","Official figure",""
"QCL","Crops and livestock products","150","Europe","5312","Area harvested","0116","Rye","1978","1978","ha","13413365","A","Official figure",""
"QCL","Crops and livestock products","150","Europe","5412","Yield","0116","Rye","1978","1978","kg/ha","2025.5","A","Official figure",""
"QCL","Crops and livestock products","150","Europe","5510","Production","0116","Rye","1978","1978","t","27168113","A","Official figure",""
"QCL","Crops and livestock products","150","Europe","5312","Area harvested","0116","Rye","1979","1979","ha","11815501","A","Official figure",""
"QCL","Crops and livestock products","150","Europe","5412","Yield","0116","Rye","1979","1979","kg/ha","1600","A","Official figure",""
"QCL","Crops and livestock products","150","Europe","5510","Production","0116","Rye","1979","1979","t","18904617","A","Official figure",""
"QCL","Crops and livestock products","150","Europe","5312","Area harvested","0116","Rye","1980","1980","ha","14099491","A","Official figure",""
"QCL","Crops and livestock products","150","Europe","5412","Yield","0116","Rye","1980","1980","kg/ha","1588.1","A","Official figure",""
"QCL","Crops and livestock products","150","Europe","5510","Production","0116","Rye","1980","1980","t","22391569","A","Official figure",""
"QCL","Crops and livestock products","150","Europe","5312","Area harvested","0116","Rye","1981","1981","ha","12847129","A","Official figure",""
"QCL","Crops and livestock products","150","Europe","5412","Yield","0116","Rye","1981","1981","kg/ha","1659.4","A","Official figure",""
"QCL","Crops and livestock products","150","Europe","5510","Production","0116","Rye","1981","1981","t","21318457","A","Official figure",""
"QCL","Crops and livestock products","150","Europe","5312","Area harvested","0116","Rye","1982","1982","ha","15262324","A","Official figure",""
"QCL","Crops and livestock products","150","Europe","5412","Yield","0116","Rye","1982","1982","kg/ha","1813","A","Official figure",""
"QCL","Crops and livestock products","150","Europe","5510","Production","0116","Rye","1982","1982","t","27671030","A","Official figure",""
"QCL","Crops and livestock products","150","Europe","5312","Area harvested","0116","Rye","1983","1983","ha","16110985","A","Official figure",""
"QCL","Crops and livestock products","150","Europe","5412","Yield","0116","Rye","1983","1983","kg/ha","1939.5","A","Official figure",""
"QCL","Crops and livestock products","150","Europe","5510","Production","0116","Rye","1983","1983","t","31246724","A","Official figure",""
"QCL","Crops and livestock products","150","Europe","5312","Area harvested","0116","Rye","1984","1984","ha","15334170","A","Official figure",""
"QCL","Crops and livestock products","150","Europe","5412","Yield","0116","Rye","1984","1984","kg/ha","1964","A","Official figure",""
"QCL","Crops and livestock products","150","Europe","5510","Production","0116","Rye","1984","1984","t","30116816","A","Official figure",""
"QCL","Crops and livestock products","150","Europe","5312","Area harvested","0116","Rye","1985","1985","ha","14857644","A","Official figure",""
"QCL","Crops and livestock products","150","Europe","5412","Yield","0116","Rye","1985","1985","kg/ha","1963","A","Official figure",""
"QCL","Crops and livestock products","150","Europe","5510","Production","0116","Rye","1985","1985","t","29165161","A","Official figure",""
"QCL","Crops and livestock products","150","Europe","5312","Area harvested","0116","Rye","1986","1986","ha","13685726","A","Official figure",""
"QCL","Crops and livestock products","150","Europe","5412","Yield","0116","Rye","1986","1986","kg/ha","2027.1","A","Official figure",""
"QCL","Crops and livestock products","150","Europe","5510","Production","0116","Rye","1986","1986","t","27742532","A","Official figure",""
"QCL","Crops and livestock products","150","Europe","5312","Area harvested","0116","Rye","1987","1987","ha","14557156","A","Official figure",""
"QCL","Crops and livestock products","150","Europe","5412","Yield","0116","Rye","1987","1987","kg/ha","2033.7","A","Official figure",""
"QCL","Crops and livestock products","150","Europe","5510","Production","0116","Rye","1987","1987","t","29604974","A","Official figure",""
"QCL","Crops and livestock products","150","Europe","5312","Area harvested","0116","Rye","1988","1988","ha","14464023","A","Official figure",""
"QCL","Crops and livestock products","150","Europe","5412","Yield","0116","Rye","1988","1988","kg/ha","1973.9","A","Official figure",""
"QCL","Crops and livestock products","150","Europe","5510","Production","0116","Rye","1988","1988","t","28551044","A","Official figure",""
"QCL","Crops and livestock products","150","Europe","5312","Area harvested","0116","Rye","1989","1989","ha","15192282","A","Official figure",""
"QCL","Crops and livestock products","150","Europe","5412","Yield","0116","Rye","1989","1989","kg/ha","2098.3","A","Official figure",""
"QCL","Crops and livestock products","150","Europe","5510","Production","0116","Rye","1989","1989","t","31878234","A","Official figure",""
"QCL","Crops and livestock products","150","Europe","5312","Area harvested","0116","Rye","1990","1990","ha","15096272","A","Official figure",""
"QCL","Crops and livestock products","150","Europe","5412","Yield","0116","Rye","1990","1990","kg/ha","2363.9","A","Official figure",""
"QCL","Crops and livestock products","150","Europe","5510","Production","0116","Rye","1990","1990","t","35685370","A","Official figure",""
"QCL","Crops and livestock products","150","Europe","5312","Area harvested","0116","Rye","1991","1991","ha","12527498","A","Official figure",""
"QCL","Crops and livestock products","150","Europe","5412","Yield","0116","Rye","1991","1991","kg/ha","2115.2","A","Official figure",""
"QCL","Crops and livestock products","150","Europe","5510","Production","0116","Rye","1991","1991","t","26498523.9","A","Official figure",""
"QCL","Crops and livestock products","150","Europe","5312","Area harvested","0116","Rye","1992","1992","ha","12863393","A","Official figure",""
"QCL","Crops and livestock products","150","Europe","5412","Yield","0116","Rye","1992","1992","kg/ha","2119.8","A","Official figure",""
"QCL","Crops and livestock products","150","Europe","5510","Production","0116","Rye","1992","1992","t","27267936.32","A","Official figure",""
"QCL","Crops and livestock products","150","Europe","5312","Area harvested","0116","Rye","1993","1993","ha","11611115","A","Official figure",""
"QCL","Crops and livestock products","150","Europe","5412","Yield","0116","Rye","1993","1993","kg/ha","2093.2","A","Official figure",""
"QCL","Crops and livestock products","150","Europe","5510","Production","0116","Rye","1993","1993","t","24304406.4","A","Official figure",""
"QCL","Crops and livestock products","150","Europe","5312","Area harvested","0116","Rye","1994","1994","ha","9443467","A","Official figure",""
"QCL","Crops and livestock products","150","Europe","5412","Yield","0116","Rye","1994","1994","kg/ha","2145.2","A","Official figure",""
"QCL","Crops and livestock products","150","Europe","5510","Production","0116","Rye","1994","1994","t","20257711.32","A","Official figure",""
"QCL","Crops and livestock products","150","Europe","5312","Area harvested","0116","Rye","1995","1995","ha","9155527","A","Official figure",""
"QCL","Crops and livestock products","150","Europe","5412","Yield","0116","Rye","1995","1995","kg/ha","2286.7","A","Official figure",""
"QCL","Crops and livestock products","150","Europe","5510","Production","0116","Rye","1995","1995","t","20935655.62","A","Official figure",""
"QCL","Crops and livestock products","150","Europe","5312","Area harvested","0116","Rye","1996","1996","ha","9813778","A","Official figure",""
"QCL","Crops and livestock products","150","Europe","5412","Yield","0116","Rye","1996","1996","kg/ha","2151.9","A","Official figure",""
"QCL","Crops and livestock products","150","Europe","5510","Production","0116","Rye","1996","1996","t","21117943.24","A","Official figure",""
"QCL","Crops and livestock products","150","Europe","5312","Area harvested","0116","Rye","1997","1997","ha","9564198","A","Official figure",""
"QCL","Crops and livestock products","150","Europe","5412","Yield","0116","Rye","1997","1997","kg/ha","2416.1","A","Official figure",""
"QCL","Crops and livestock products","150","Europe","5510","Production","0116","Rye","1997","1997","t","23107789.22","A","Official figure",""
"QCL","Crops and livestock products","150","Europe","5312","Area harvested","0116","Rye","1998","1998","ha","8915940","A","Official figure",""
"QCL","Crops and livestock products","150","Europe","5412","Yield","0116","Rye","1998","1998","kg/ha","2124.9","A","Official figure",""
"QCL","Crops and livestock products","150","Europe","5510","Production","0116","Rye","1998","1998","t","18945371.85","A","Official figure",""
"QCL","Crops and livestock products","150","Europe","5312","Area harvested","0116","Rye","1999","1999","ha","8291592","A","Official figure",""
"QCL","Crops and livestock products","150","Europe","5412","Yield","0116","Rye","1999","1999","kg/ha","2191","A","Official figure",""
"QCL","Crops and livestock products","150","Europe","5510","Production","0116","Rye","1999","1999","t","18166673.85","A","Official figure",""
"QCL","Crops and livestock products","150","Europe","5312","Area harvested","0116","Rye","2000","2000","ha","8575649","A","Official figure",""
"QCL","Crops and livestock products","150","Europe","5412","Yield","0116","Rye","2000","2000","kg/ha","2111.9","A","Official figure",""
"QCL","Crops and livestock products","150","Europe","5510","Production","0116","Rye","2000","2000","t","18110889.56","A","Official figure",""
"QCL","Crops and livestock products","150","Europe","5312","Area harvested","0116","Rye","2001","2001","ha","8783824","A","Official figure",""
"QCL","Crops and livestock products","150","Europe","5412","Yield","0116","Rye","2001","2001","kg/ha","2479","A","Official figure",""
"QCL","Crops and livestock products","150","Europe","5510","Production","0116","Rye","2001","2001","t","21775466.8","A","Official figure",""
"QCL","Crops and livestock products","150","Europe","5312","Area harvested","0116","Rye","2002","2002","ha","8147249","A","Official figure",""
"QCL","Crops and livestock products","150","Europe","5412","Yield","0116","Rye","2002","2002","kg/ha","2395.5","A","Official figure",""
"QCL","Crops and livestock products","150","Europe","5510","Production","0116","Rye","2002","2002","t","19516695.27","A","Official figure",""
"QCL","Crops and livestock products","150","Europe","5312","Area harvested","0116","Rye","2003","2003","ha","5766359","A","Official figure",""
"QCL","Crops and livestock products","150","Europe","5412","Yield","0116","Rye","2003","2003","kg/ha","2239","A","Official figure",""
"QCL","Crops and livestock products","150","Europe","5510","Production","0116","Rye","2003","2003","t","12910615.36","A","Official figure",""
"QCL","Crops and livestock products","150","Europe","5312","Area harvested","0116","Rye","2004","2004","ha","5957688","A","Official figure",""
"QCL","Crops and livestock products","150","Europe","5412","Yield","0116","Rye","2004","2004","kg/ha","2681.7","A","Official figure",""
"QCL","Crops and livestock products","150","Europe","5510","Production","0116","Rye","2004","2004","t","15976547.34","A","Official figure",""
"QCL","Crops and livestock products","150","Europe","5312","Area harvested","0116","Rye","2005","2005","ha","5964862","A","Official figure",""
"QCL","Crops and livestock products","150","Europe","5412","Yield","0116","Rye","2005","2005","kg/ha","2281.3","A","Official figure",""
"QCL","Crops and livestock products","150","Europe","5510","Production","0116","Rye","2005","2005","t","13607460.68","A","Official figure",""
"QCL","Crops and livestock products","150","Europe","5312","Area harvested","0116","Rye","2006","2006","ha","4950467","A","Official figure",""
"QCL","Crops and livestock products","150","Europe","5412","Yield","0116","Rye","2006","2006","kg/ha","2271.4","A","Official figure",""
"QCL","Crops and livestock products","150","Europe","5510","Production","0116","Rye","2006","2006","t","11244370.84","A","Official figure",""
"QCL","Crops and livestock products","150","Europe","5312","Area harvested","0116","Rye","2007","2007","ha","5548462","A","Official figure",""
"QCL","Crops and livestock products","150","Europe","5412","Yield","0116","Rye","2007","2007","kg/ha","2431.8","A","Official figure",""
"QCL","Crops and livestock products","150","Europe","5510","Production","0116","Rye","2007","2007","t","13492836.77","A","Official figure",""
"QCL","Crops and livestock products","150","Europe","5312","Area harvested","0116","Rye","2008","2008","ha","5902530","A","Official figure",""
"QCL","Crops and livestock products","150","Europe","5412","Yield","0116","Rye","2008","2008","kg/ha","2776.8","A","Official figure",""
"QCL","Crops and livestock products","150","Europe","5510","Production","0116","Rye","2008","2008","t","16390012.68","A","Official figure",""
"QCL","Crops and livestock products","150","Europe","5312","Area harvested","0116","Rye","2009","2009","ha","5810040","A","Official figure",""
"QCL","Crops and livestock products","150","Europe","5412","Yield","0116","Rye","2009","2009","kg/ha","2835.1","A","Official figure",""
"QCL","Crops and livestock products","150","Europe","5510","Production","0116","Rye","2009","2009","t","16472247.99","A","Official figure",""
"QCL","Crops and livestock products","150","Europe","5312","Area harvested","0116","Rye","2010","2010","ha","4266637","A","Official figure",""
"QCL","Crops and livestock products","150","Europe","5412","Yield","0116","Rye","2010","2010","kg/ha","2407.7","A","Official figure",""
"QCL","Crops and livestock products","150","Europe","5510","Production","0116","Rye","2010","2010","t","10272837.98","A","Official figure",""
"QCL","Crops and livestock products","150","Europe","5312","Area harvested","0116","Rye","2011","2011","ha","4407488","A","Official figure",""
"QCL","Crops and livestock products","150","Europe","5412","Yield","0116","Rye","2011","2011","kg/ha","2567.1","A","Official figure",""
"QCL","Crops and livestock products","150","Europe","5510","Production","0116","Rye","2011","2011","t","11314609.69","A","Official figure",""
"QCL","Crops and livestock products","150","Europe","5312","Area harvested","0116","Rye","2012","2012","ha","4491321","A","Official figure",""
"QCL","Crops and livestock products","150","Europe","5412","Yield","0116","Rye","2012","2012","kg/ha","2824.4","A","Official figure",""
"QCL","Crops and livestock products","150","Europe","5510","Production","0116","Rye","2012","2012","t","12685208.89","A","Official figure",""
"QCL","Crops and livestock products","150","Europe","5312","Area harvested","0116","Rye","2013","2013","ha","4982052","A","Official figure",""
"QCL","Crops and livestock products","150","Europe","5412","Yield","0116","Rye","2013","2013","kg/ha","3001.6","A","Official figure",""
"QCL","Crops and livestock products","150","Europe","5510","Production","0116","Rye","2013","2013","t","14953905.55","A","Official figure",""
"QCL","Crops and livestock products","150","Europe","5312","Area harvested","0116","Rye","2014","2014","ha","4542859","A","Official figure",""
"QCL","Crops and livestock products","150","Europe","5412","Yield","0116","Rye","2014","2014","kg/ha","3007.2","A","Official figure",""
"QCL","Crops and livestock products","150","Europe","5510","Production","0116","Rye","2014","2014","t","13661248.01","A","Official figure",""
"QCL","Crops and livestock products","150","Europe","5312","Area harvested","0116","Rye","2015","2015","ha","3683127","A","Official figure",""
"QCL","Crops and livestock products","150","Europe","5412","Yield","0116","Rye","2015","2015","kg/ha","3055.1","A","Official figure",""
"QCL","Crops and livestock products","150","Europe","5510","Production","0116","Rye","2015","2015","t","11252428.15","A","Official figure",""
"QCL","Crops and livestock products","150","Europe","5312","Area harvested","0116","Rye","2016","2016","ha","3585090","A","Official figure",""
"QCL","Crops and livestock products","150","Europe","5412","Yield","0116","Rye","2016","2016","kg/ha","3099.6","A","Official figure",""
"QCL","Crops and livestock products","150","Europe","5510","Production","0116","Rye","2016","2016","t","11112484.06","A","Official figure",""
"QCL","Crops and livestock products","150","Europe","5312","Area harvested","0116","Rye","2017","2017","ha","3584075","A","Official figure",""
"QCL","Crops and livestock products","150","Europe","5412","Yield","0116","Rye","2017","2017","kg/ha","3133.8","A","Official figure",""
"QCL","Crops and livestock products","150","Europe","5510","Production","0116","Rye","2017","2017","t","11231614.01","A","Official figure",""
"QCL","Crops and livestock products","150","Europe","5312","Area harvested","0116","Rye","2018","2018","ha","3324815","A","Official figure",""
"QCL","Crops and livestock products","150","Europe","5412","Yield","0116","Rye","2018","2018","kg/ha","2738.4","A","Official figure",""
"QCL","Crops and livestock products","150","Europe","5510","Production","0116","Rye","2018","2018","t","9104565.9","A","Official figure",""
"QCL","Crops and livestock products","150","Europe","5312","Area harvested","0116","Rye","2019","2019","ha","3515333","A","Official figure",""
"QCL","Crops and livestock products","150","Europe","5412","Yield","0116","Rye","2019","2019","kg/ha","3146","A","Official figure",""
"QCL","Crops and livestock products","150","Europe","5510","Production","0116","Rye","2019","2019","t","11059062.17","A","Official figure",""
"QCL","Crops and livestock products","150","Europe","5312","Area harvested","0116","Rye","2020","2020","ha","3604880","A","Official figure",""
"QCL","Crops and livestock products","150","Europe","5412","Yield","0116","Rye","2020","2020","kg/ha","3601.6","A","Official figure",""
"QCL","Crops and livestock products","150","Europe","5510","Production","0116","Rye","2020","2020","t","12983321.9","A","Official figure",""
"QCL","Crops and livestock products","150","Europe","5312","Area harvested","0116","Rye","2021","2021","ha","3526333","A","Official figure",""
"QCL","Crops and livestock products","150","Europe","5412","Yield","0116","Rye","2021","2021","kg/ha","3233.7","A","Official figure",""
"QCL","Crops and livestock products","150","Europe","5510","Production","0116","Rye","2021","2021","t","11403264.8","A","Official figure",""
"QCL","Crops and livestock products","150","Europe","5312","Area harvested","0116","Rye","2022","2022","ha","3161372","A","Official figure",""
"QCL","Crops and livestock products","150","Europe","5412","Yield","0116","Rye","2022","2022","kg/ha","3495","A","Official figure",""
"QCL","Crops and livestock products","150","Europe","5510","Production","0116","Rye","2022","2022","t","11049135.09","A","Official figure",""
"QCL","Crops and livestock products","150","Europe","5312","Area harvested","0116","Rye","2023","2023","ha","3114586","E","Estimated value",""
"QCL","Crops and livestock products","150","Europe","5412","Yield","0116","Rye","2023","2023","kg/ha","3379.1","E","Estimated value",""
"QCL","Crops and livestock products","150","Europe","5510","Production","0116","Rye","2023","2023","t","10524406.6","A","Official figure",""
"QCL","Crops and livestock products","150","Europe","5312","Area harvested","0116","Rye","2024","2024","ha","2756625","E","Estimated value",""
"QCL","Crops and livestock products","150","Europe","5412","Yield","0116","Rye","2024","2024","kg/ha","3358","E","Estimated value",""
"QCL","Crops and livestock products","150","Europe","5510","Production","0116","Rye","2024","2024","t","9256836.72","A","Official figure",""
"QCL","Crops and livestock products","150","Europe","5312","Area harvested","0111","Wheat","1961","1961","ha","90496175","A","Official figure",""
"QCL","Crops and livestock products","150","Europe","5412","Yield","0111","Wheat","1961","1961","kg/ha","1256.2","A","Official figure",""
"QCL","Crops and livestock products","150","Europe","5510","Production","0111","Wheat","1961","1961","t","113682068","A","Official figure",""
"QCL","Crops and livestock products","150","Europe","5312","Area harvested","0111","Wheat","1962","1962","ha","96709323","A","Official figure",""
"QCL","Crops and livestock products","150","Europe","5412","Yield","0111","Wheat","1962","1962","kg/ha","1326.9","A","Official figure",""
"QCL","Crops and livestock products","150","Europe","5510","Production","0111","Wheat","1962","1962","t","128319895","A","Official figure",""
"QCL","Crops and livestock products","150","Europe","5312","Area harvested","0111","Wheat","1963","1963","ha","92488648","A","Official figure",""
"QCL","Crops and livestock products","150","Europe","5412","Yield","0111","Wheat","1963","1963","kg/ha","1099.7","A","Official figure",""
"QCL","Crops and livestock products","150","Europe","5510","Production","0111","Wheat","1963","1963","t","101707841","A","Official figure",""
"QCL","Crops and livestock products","150","Europe","5312","Area harvested","0111","Wheat","1964","1964","ha","97048483","A","Official figure",""
"QCL","Crops and livestock products","150","Europe","5412","Yield","0111","Wheat","1964","1964","kg/ha","1351.8","A","Official figure",""
"QCL","Crops and livestock products","150","Europe","5510","Production","0111","Wheat","1964","1964","t","131192598","A","Official figure",""
"QCL","Crops and livestock products","150","Europe","5312","Area harvested","0111","Wheat","1965","1965","ha","99100041","A","Official figure",""
"QCL","Crops and livestock products","150","Europe","5412","Yield","0111","Wheat","1965","1965","kg/ha","1246.9","A","Official figure",""
"QCL","Crops and livestock products","150","Europe","5510","Production","0111","Wheat","1965","1965","t","123566574","A","Official figure",""
"QCL","Crops and livestock products","150","Europe","5312","Area harvested","0111","Wheat","1966","1966","ha","97964480","A","Official figure",""
"QCL","Crops and livestock products","150","Europe","5412","Yield","0111","Wheat","1966","1966","kg/ha","1603.5","A","Official figure",""
"QCL","Crops and livestock products","150","Europe","5510","Production","0111","Wheat","1966","1966","t","157085652","A","Official figure",""
"QCL","Crops and livestock products","150","Europe","5312","Area harvested","0111","Wheat","1967","1967","ha","95015315","A","Official figure",""
"QCL","Crops and livestock products","150","Europe","5412","Yield","0111","Wheat","1967","1967","kg/ha","1532.3","A","Official figure",""
"QCL","Crops and livestock products","150","Europe","5510","Production","0111","Wheat","1967","1967","t","145588564","A","Official figure",""
"QCL","Crops and livestock products","150","Europe","5312","Area harvested","0111","Wheat","1968","1968","ha","95965735","A","Official figure",""
"QCL","Crops and livestock products","150","Europe","5412","Yield","0111","Wheat","1968","1968","kg/ha","1674.4","A","Official figure",""
"QCL","Crops and livestock products","150","Europe","5510","Production","0111","Wheat","1968","1968","t","160687886","A","Official figure",""
"QCL","Crops and livestock products","150","Europe","5312","Area harvested","0111","Wheat","1969","1969","ha","93508280","A","Official figure",""
"QCL","Crops and livestock products","150","Europe","5412","Yield","0111","Wheat","1969","1969","kg/ha","1560.8","A","Official figure",""
"QCL","Crops and livestock products","150","Europe","5510","Production","0111","Wheat","1969","1969","t","145950511","A","Official figure",""
"QCL","Crops and livestock products","150","Europe","5312","Area harvested","0111","Wheat","1970","1970","ha","92518206","A","Official figure",""
"QCL","Crops and livestock products","150","Europe","5412","Yield","0111","Wheat","1970","1970","kg/ha","1734","A","Official figure",""
"QCL","Crops and livestock products","150","Europe","5510","Production","0111","Wheat","1970","1970","t","160429148","A","Official figure",""
"QCL","Crops and livestock products","150","Europe","5312","Area harvested","0111","Wheat","1971","1971","ha","91687451","A","Official figure",""
"QCL","Crops and livestock products","150","Europe","5412","Yield","0111","Wheat","1971","1971","kg/ha","1897.3","A","Official figure",""
"QCL","Crops and livestock products","150","Europe","5510","Production","0111","Wheat","1971","1971","t","173960138","A","Official figure",""
"QCL","Crops and livestock products","150","Europe","5312","Area harvested","0111","Wheat","1972","1972","ha","86182331","A","Official figure",""
"QCL","Crops and livestock products","150","Europe","5412","Yield","0111","Wheat","1972","1972","kg/ha","1886.4","A","Official figure",""
"QCL","Crops and livestock products","150","Europe","5510","Production","0111","Wheat","1972","1972","t","162578562","A","Official figure",""
"QCL","Crops and livestock products","150","Europe","5312","Area harvested","0111","Wheat","1973","1973","ha","89605823","A","Official figure",""
"QCL","Crops and livestock products","150","Europe","5412","Yield","0111","Wheat","1973","1973","kg/ha","2069.6","A","Official figure",""
"QCL","Crops and livestock products","150","Europe","5510","Production","0111","Wheat","1973","1973","t","185452229","A","Official figure",""
"QCL","Crops and livestock products","150","Europe","5312","Area harvested","0111","Wheat","1974","1974","ha","86993858","A","Official figure",""
"QCL","Crops and livestock products","150","Europe","5412","Yield","0111","Wheat","1974","1974","kg/ha","1947.9","A","Official figure",""
"QCL","Crops and livestock products","150","Europe","5510","Production","0111","Wheat","1974","1974","t","169457515","A","Official figure",""
"QCL","Crops and livestock products","150","Europe","5312","Area harvested","0111","Wheat","1975","1975","ha","87393140","A","Official figure",""
"QCL","Crops and livestock products","150","Europe","5412","Yield","0111","Wheat","1975","1975","kg/ha","1595.1","A","Official figure",""
"QCL","Crops and livestock products","150","Europe","5510","Production","0111","Wheat","1975","1975","t","139397684","A","Official figure",""
"QCL","Crops and livestock products","150","Europe","5312","Area harvested","0111","Wheat","1976","1976","ha","86378306","A","Official figure",""
"QCL","Crops and livestock products","150","Europe","5412","Yield","0111","Wheat","1976","1976","kg/ha","2048.4","A","Official figure",""
"QCL","Crops and livestock products","150","Europe","5510","Production","0111","Wheat","1976","1976","t","176941524","A","Official figure",""
"QCL","Crops and livestock products","150","Europe","5312","Area harvested","0111","Wheat","1977","1977","ha","87066327","A","Official figure",""
"QCL","Crops and livestock products","150","Europe","5412","Yield","0111","Wheat","1977","1977","kg/ha","1943.2","A","Official figure",""
"QCL","Crops and livestock products","150","Europe","5510","Production","0111","Wheat","1977","1977","t","169190918","A","Official figure",""
"QCL","Crops and livestock products","150","Europe","5312","Area harvested","0111","Wheat","1978","1978","ha","89072582","A","Official figure",""
"QCL","Crops and livestock products","150","Europe","5412","Yield","0111","Wheat","1978","1978","kg/ha","2335.1","A","Official figure",""
"QCL","Crops and livestock products","150","Europe","5510","Production","0111","Wheat","1978","1978","t","207996488","A","Official figure",""
"QCL","Crops and livestock products","150","Europe","5312","Area harvested","0111","Wheat","1979","1979","ha","82516984","A","Official figure",""
"QCL","Crops and livestock products","150","Europe","5412","Yield","0111","Wheat","1979","1979","kg/ha","2039.6","A","Official figure",""
"QCL","Crops and livestock products","150","Europe","5510","Production","0111","Wheat","1979","1979","t","168302476","A","Official figure",""
"QCL","Crops and livestock products","150","Europe","5312","Area harvested","0111","Wheat","1980","1980","ha","87645967","A","Official figure",""
"QCL","Crops and livestock products","150","Europe","5412","Yield","0111","Wheat","1980","1980","kg/ha","2189.1","A","Official figure",""
"QCL","Crops and livestock products","150","Europe","5510","Production","0111","Wheat","1980","1980","t","191866824","A","Official figure",""
"QCL","Crops and livestock products","150","Europe","5312","Area harvested","0111","Wheat","1981","1981","ha","84629890","A","Official figure",""
"QCL","Crops and livestock products","150","Europe","5412","Yield","0111","Wheat","1981","1981","kg/ha","1999.5","A","Official figure",""
"QCL","Crops and livestock products","150","Europe","5510","Production","0111","Wheat","1981","1981","t","169216960","A","Official figure",""
"QCL","Crops and livestock products","150","Europe","5312","Area harvested","0111","Wheat","1982","1982","ha","83529694","A","Official figure",""
"QCL","Crops and livestock products","150","Europe","5412","Yield","0111","Wheat","1982","1982","kg/ha","2185.9","A","Official figure",""
"QCL","Crops and livestock products","150","Europe","5510","Production","0111","Wheat","1982","1982","t","182588430","A","Official figure",""
"QCL","Crops and livestock products","150","Europe","5312","Area harvested","0111","Wheat","1983","1983","ha","77818302","A","Official figure",""
"QCL","Crops and livestock products","150","Europe","5412","Yield","0111","Wheat","1983","1983","kg/ha","2276","A","Official figure",""
"QCL","Crops and livestock products","150","Europe","5510","Production","0111","Wheat","1983","1983","t","177114533","A","Official figure",""
"QCL","Crops and livestock products","150","Europe","5312","Area harvested","0111","Wheat","1984","1984","ha","78291973","A","Official figure",""
"QCL","Crops and livestock products","150","Europe","5412","Yield","0111","Wheat","1984","1984","kg/ha","2477.3","A","Official figure",""
"QCL","Crops and livestock products","150","Europe","5510","Production","0111","Wheat","1984","1984","t","193953880","A","Official figure",""
"QCL","Crops and livestock products","150","Europe","5312","Area harvested","0111","Wheat","1985","1985","ha","76631169","A","Official figure",""
"QCL","Crops and livestock products","150","Europe","5412","Yield","0111","Wheat","1985","1985","kg/ha","2421.7","A","Official figure",""
"QCL","Crops and livestock products","150","Europe","5510","Production","0111","Wheat","1985","1985","t","185579141","A","Official figure",""
"QCL","Crops and livestock products","150","Europe","5312","Area harvested","0111","Wheat","1986","1986","ha","75867276","A","Official figure",""
"QCL","Crops and livestock products","150","Europe","5412","Yield","0111","Wheat","1986","1986","kg/ha","2658.5","A","Official figure",""
"QCL","Crops and livestock products","150","Europe","5510","Production","0111","Wheat","1986","1986","t","201696672","A","Official figure",""
"QCL","Crops and livestock products","150","Europe","5312","Area harvested","0111","Wheat","1987","1987","ha","74026415","A","Official figure",""
"QCL","Crops and livestock products","150","Europe","5412","Yield","0111","Wheat","1987","1987","kg/ha","2618.2","A","Official figure",""
"QCL","Crops and livestock products","150","Europe","5510","Production","0111","Wheat","1987","1987","t","193814371","A","Official figure",""
"QCL","Crops and livestock products","150","Europe","5312","Area harvested","0111","Wheat","1988","1988","ha","75008416","A","Official figure",""
"QCL","Crops and livestock products","150","Europe","5412","Yield","0111","Wheat","1988","1988","kg/ha","2699.6","A","Official figure",""
"QCL","Crops and livestock products","150","Europe","5510","Production","0111","Wheat","1988","1988","t","202494456","A","Official figure",""
"QCL","Crops and livestock products","150","Europe","5312","Area harvested","0111","Wheat","1989","1989","ha","75358646","A","Official figure",""
"QCL","Crops and livestock products","150","Europe","5412","Yield","0111","Wheat","1989","1989","kg/ha","2856.2","A","Official figure",""
"QCL","Crops and livestock products","150","Europe","5510","Production","0111","Wheat","1989","1989","t","215242424","A","Official figure",""
"QCL","Crops and livestock products","150","Europe","5312","Area harvested","0111","Wheat","1990","1990","ha","75531873","A","Official figure",""
"QCL","Crops and livestock products","150","Europe","5412","Yield","0111","Wheat","1990","1990","kg/ha","3086.7","A","Official figure",""
"QCL","Crops and livestock products","150","Europe","5510","Production","0111","Wheat","1990","1990","t","233144232","A","Official figure",""
"QCL","Crops and livestock products","150","Europe","5312","Area harvested","0111","Wheat","1991","1991","ha","73251325","A","Official figure",""
"QCL","Crops and livestock products","150","Europe","5412","Yield","0111","Wheat","1991","1991","kg/ha","2801.2","A","Official figure",""
"QCL","Crops and livestock products","150","Europe","5510","Production","0111","Wheat","1991","1991","t","205189860.4","A","Official figure",""
"QCL","Crops and livestock products","150","Europe","5312","Area harvested","0111","Wheat","1992","1992","ha","57045416","A","Official figure",""
"QCL","Crops and livestock products","150","Europe","5412","Yield","0111","Wheat","1992","1992","kg/ha","3208.7","A","Official figure",""
"QCL","Crops and livestock products","150","Europe","5510","Production","0111","Wheat","1992","1992","t","183042476.5","A","Official figure",""
"QCL","Crops and livestock products","150","Europe","5312","Area harvested","0111","Wheat","1993","1993","ha","57175329","A","Official figure",""
"QCL","Crops and livestock products","150","Europe","5412","Yield","0111","Wheat","1993","1993","kg/ha","3211","A","Official figure",""
"QCL","Crops and livestock products","150","Europe","5510","Production","0111","Wheat","1993","1993","t","183592614.96","A","Official figure",""
"QCL","Crops and livestock products","150","Europe","5312","Area harvested","0111","Wheat","1994","1994","ha","53472233","A","Official figure",""
"QCL","Crops and livestock products","150","Europe","5412","Yield","0111","Wheat","1994","1994","kg/ha","3132.4","A","Official figure",""
"QCL","Crops and livestock products","150","Europe","5510","Production","0111","Wheat","1994","1994","t","167495698.86","A","Official figure",""
"QCL","Crops and livestock products","150","Europe","5312","Area harvested","0111","Wheat","1995","1995","ha","54717334","A","Official figure",""
"QCL","Crops and livestock products","150","Europe","5412","Yield","0111","Wheat","1995","1995","kg/ha","3161.1","A","Official figure",""
"QCL","Crops and livestock products","150","Europe","5510","Production","0111","Wheat","1995","1995","t","172966295.8","A","Official figure",""
"QCL","Crops and livestock products","150","Europe","5312","Area harvested","0111","Wheat","1996","1996","ha","55482955","A","Official figure",""
"QCL","Crops and livestock products","150","Europe","5412","Yield","0111","Wheat","1996","1996","kg/ha","3207.2","A","Official figure",""
"QCL","Crops and livestock products","150","Europe","5510","Production","0111","Wheat","1996","1996","t","177943098.24","A","Official figure",""
"QCL","Crops and livestock products","150","Europe","5312","Area harvested","0111","Wheat","1997","1997","ha","59302649","A","Official figure",""
"QCL","Crops and livestock products","150","Europe","5412","Yield","0111","Wheat","1997","1997","kg/ha","3316.5","A","Official figure",""
"QCL","Crops and livestock products","150","Europe","5510","Production","0111","Wheat","1997","1997","t","196676624.14","A","Official figure",""
"QCL","Crops and livestock products","150","Europe","5312","Area harvested","0111","Wheat","1998","1998","ha","53938469","A","Official figure",""
"QCL","Crops and livestock products","150","Europe","5412","Yield","0111","Wheat","1998","1998","kg/ha","3406.6","A","Official figure",""
"QCL","Crops and livestock products","150","Europe","5510","Production","0111","Wheat","1998","1998","t","183744248.85","A","Official figure",""
"QCL","Crops and livestock products","150","Europe","5312","Area harvested","0111","Wheat","1999","1999","ha","52441745","A","Official figure",""
"QCL","Crops and livestock products","150","Europe","5412","Yield","0111","Wheat","1999","1999","kg/ha","3304.1","A","Official figure",""
"QCL","Crops and livestock products","150","Europe","5510","Production","0111","Wheat","1999","1999","t","173273844.24","A","Official figure",""
"QCL","Crops and livestock products","150","Europe","5312","Area harvested","0111","Wheat","2000","2000","ha","55223496","A","Official figure",""
"QCL","Crops and livestock products","150","Europe","5412","Yield","0111","Wheat","2000","2000","kg/ha","3320.3","A","Official figure",""
"QCL","Crops and livestock products","150","Europe","5510","Production","0111","Wheat","2000","2000","t","183361243.13","A","Official figure",""
"QCL","Crops and livestock products","150","Europe","5312","Area harvested","0111","Wheat","2001","2001","ha","58324762","A","Official figure",""
"QCL","Crops and livestock products","150","Europe","5412","Yield","0111","Wheat","2001","2001","kg/ha","3459.1","A","Official figure",""
"QCL","Crops and livestock products","150","Europe","5510","Production","0111","Wheat","2001","2001","t","201749439.24","A","Official figure",""
"QCL","Crops and livestock products","150","Europe","5312","Area harvested","0111","Wheat","2002","2002","ha","60246873","A","Official figure",""
"QCL","Crops and livestock products","150","Europe","5412","Yield","0111","Wheat","2002","2002","kg/ha","3512.3","A","Official figure",""
"QCL","Crops and livestock products","150","Europe","5510","Production","0111","Wheat","2002","2002","t","211607166.59","A","Official figure",""
"QCL","Crops and livestock products","150","Europe","5312","Area harvested","0111","Wheat","2003","2003","ha","49938103","A","Official figure",""
"QCL","Crops and livestock products","150","Europe","5412","Yield","0111","Wheat","2003","2003","kg/ha","3240.1","A","Official figure",""
"QCL","Crops and livestock products","150","Europe","5510","Production","0111","Wheat","2003","2003","t","161805442.79","A","Official figure",""
"QCL","Crops and livestock products","150","Europe","5312","Area harvested","0111","Wheat","2004","2004","ha","56940132","A","Official figure",""
"QCL","Crops and livestock products","150","Europe","5412","Yield","0111","Wheat","2004","2004","kg/ha","3859.4","A","Official figure",""
"QCL","Crops and livestock products","150","Europe","5510","Production","0111","Wheat","2004","2004","t","219756607.67","A","Official figure",""
"QCL","Crops and livestock products","150","Europe","5312","Area harvested","0111","Wheat","2005","2005","ha","59610384","A","Official figure",""
"QCL","Crops and livestock products","150","Europe","5412","Yield","0111","Wheat","2005","2005","kg/ha","3494.7","A","Official figure",""
"QCL","Crops and livestock products","150","Europe","5510","Production","0111","Wheat","2005","2005","t","208319408.44","A","Official figure",""
"QCL","Crops and livestock products","150","Europe","5312","Area harvested","0111","Wheat","2006","2006","ha","55300057","A","Official figure",""
"QCL","Crops and livestock products","150","Europe","5412","Yield","0111","Wheat","2006","2006","kg/ha","3466.8","A","Official figure",""
"QCL","Crops and livestock products","150","Europe","5510","Production","0111","Wheat","2006","2006","t","191716450.4","A","Official figure",""
"QCL","Crops and livestock products","150","Europe","5312","Area harvested","0111","Wheat","2007","2007","ha","56161443","A","Official figure",""
"QCL","Crops and livestock products","150","Europe","5412","Yield","0111","Wheat","2007","2007","kg/ha","3377.8","A","Official figure",""
"QCL","Crops and livestock products","150","Europe","5510","Production","0111","Wheat","2007","2007","t","189702276.9","A","Official figure",""
"QCL","Crops and livestock products","150","Europe","5312","Area harvested","0111","Wheat","2008","2008","ha","61690207","A","Official figure",""
"QCL","Crops and livestock products","150","Europe","5412","Yield","0111","Wheat","2008","2008","kg/ha","4024.6","A","Official figure",""
"QCL","Crops and livestock products","150","Europe","5510","Production","0111","Wheat","2008","2008","t","248280738.57","A","Official figure",""
"QCL","Crops and livestock products","150","Europe","5312","Area harvested","0111","Wheat","2009","2009","ha","61170247","A","Official figure",""
"QCL","Crops and livestock products","150","Europe","5412","Yield","0111","Wheat","2009","2009","kg/ha","3741.7","A","Official figure",""
"QCL","Crops and livestock products","150","Europe","5510","Production","0111","Wheat","2009","2009","t","228877935.85","A","Official figure",""
"QCL","Crops and livestock products","150","Europe","5312","Area harvested","0111","Wheat","2010","2010","ha","55811391","A","Official figure",""
"QCL","Crops and livestock products","150","Europe","5412","Yield","0111","Wheat","2010","2010","kg/ha","3608.1","A","Official figure",""
"QCL","Crops and livestock products","150","Europe","5510","Production","0111","Wheat","2010","2010","t","201373287.82","A","Official figure",""
"QCL","Crops and livestock products","150","Europe","5312","Area harvested","0111","Wheat","2011","2011","ha","59278573","A","Official figure",""
"QCL","Crops and livestock products","150","Europe","5412","Yield","0111","Wheat","2011","2011","kg/ha","3779.3","A","Official figure",""
"QCL","Crops and livestock products","150","Europe","5510","Production","0111","Wheat","2011","2011","t","224032710.72","A","Official figure",""
"QCL","Crops and livestock products","150","Europe","5312","Area harvested","0111","Wheat","2012","2012","ha","54892673","A","Official figure",""
"QCL","Crops and livestock products","150","Europe","5412","Yield","0111","Wheat","2012","2012","kg/ha","3553.2","A","Official figure",""
"QCL","Crops and livestock products","150","Europe","5510","Production","0111","Wheat","2012","2012","t","195046794.23","A","Official figure",""
"QCL","Crops and livestock products","150","Europe","5312","Area harvested","0111","Wheat","2013","2013","ha","57869756","A","Official figure",""
"QCL","Crops and livestock products","150","Europe","5412","Yield","0111","Wheat","2013","2013","kg/ha","3907.1","A","Official figure",""
"QCL","Crops and livestock products","150","Europe","5510","Production","0111","Wheat","2013","2013","t","226103774.31","A","Official figure",""
"QCL","Crops and livestock products","150","Europe","5312","Area harvested","0111","Wheat","2014","2014","ha","58717567","A","Official figure",""
"QCL","Crops and livestock products","150","Europe","5412","Yield","0111","Wheat","2014","2014","kg/ha","4245","A","Official figure",""
"QCL","Crops and livestock products","150","Europe","5510","Production","0111","Wheat","2014","2014","t","249253877.74","A","Official figure",""
"QCL","Crops and livestock products","150","Europe","5312","Area harvested","0111","Wheat","2015","2015","ha","61475452","A","Official figure",""
"QCL","Crops and livestock products","150","Europe","5412","Yield","0111","Wheat","2015","2015","kg/ha","4188","A","Official figure",""
"QCL","Crops and livestock products","150","Europe","5510","Production","0111","Wheat","2015","2015","t","257461401.57","A","Official figure",""
"QCL","Crops and livestock products","150","Europe","5312","Area harvested","0111","Wheat","2016","2016","ha","62585271","A","Official figure",""
"QCL","Crops and livestock products","150","Europe","5412","Yield","0111","Wheat","2016","2016","kg/ha","4029","A","Official figure",""
"QCL","Crops and livestock products","150","Europe","5510","Production","0111","Wheat","2016","2016","t","252156784.02","A","Official figure",""
"QCL","Crops and livestock products","150","Europe","5312","Area harvested","0111","Wheat","2017","2017","ha","61879579","A","Official figure",""
"QCL","Crops and livestock products","150","Europe","5412","Yield","0111","Wheat","2017","2017","kg/ha","4401.8","A","Official figure",""
"QCL","Crops and livestock products","150","Europe","5510","Production","0111","Wheat","2017","2017","t","272381276.96","A","Official figure",""
"QCL","Crops and livestock products","150","Europe","5312","Area harvested","0111","Wheat","2018","2018","ha","60613068","A","Official figure",""
"QCL","Crops and livestock products","150","Europe","5412","Yield","0111","Wheat","2018","2018","kg/ha","3995.6","A","Official figure",""
"QCL","Crops and livestock products","150","Europe","5510","Production","0111","Wheat","2018","2018","t","242187345.9","A","Official figure",""
"QCL","Crops and livestock products","150","Europe","5312","Area harvested","0111","Wheat","2019","2019","ha","62387726","A","Official figure",""
"QCL","Crops and livestock products","150","Europe","5412","Yield","0111","Wheat","2019","2019","kg/ha","4265.7","A","Official figure",""
"QCL","Crops and livestock products","150","Europe","5510","Production","0111","Wheat","2019","2019","t","266129076.11","A","Official figure",""
"QCL","Crops and livestock products","150","Europe","5312","Area harvested","0111","Wheat","2020","2020","ha","61529895","A","Official figure",""
"QCL","Crops and livestock products","150","Europe","5412","Yield","0111","Wheat","2020","2020","kg/ha","4141","A","Official figure",""
"QCL","Crops and livestock products","150","Europe","5510","Production","0111","Wheat","2020","2020","t","254796479.19","A","Official figure",""
"QCL","Crops and livestock products","150","Europe","5312","Area harvested","0111","Wheat","2021","2021","ha","62881169","A","Official figure",""
"QCL","Crops and livestock products","150","Europe","5412","Yield","0111","Wheat","2021","2021","kg/ha","4283.4","A","Official figure",""
"QCL","Crops and livestock products","150","Europe","5510","Production","0111","Wheat","2021","2021","t","269344628.3","A","Official figure",""
"QCL","Crops and livestock products","150","Europe","5312","Area harvested","0111","Wheat","2022","2022","ha","62743856","A","Official figure",""
"QCL","Crops and livestock products","150","Europe","5412","Yield","0111","Wheat","2022","2022","kg/ha","4514.4","A","Official figure",""
"QCL","Crops and livestock products","150","Europe","5510","Production","0111","Wheat","2022","2022","t","283253040.9","A","Official figure",""
"QCL","Crops and livestock products","150","Europe","5312","Area harvested","0111","Wheat","2023","2023","ha","61414405","E","Estimated value",""
"QCL","Crops and livestock products","150","Europe","5412","Yield","0111","Wheat","2023","2023","kg/ha","4405.3","E","Estimated value",""
"QCL","Crops and livestock products","150","Europe","5510","Production","0111","Wheat","2023","2023","t","270548638.78","E","Estimated value",""
"QCL","Crops and livestock products","150","Europe","5312","Area harvested","0111","Wheat","2024","2024","ha","57827473","E","Estimated value",""
"QCL","Crops and livestock products","150","Europe","5412","Yield","0111","Wheat","2024","2024","kg/ha","4213.3","E","Estimated value",""
"QCL","Crops and livestock products","150","Europe","5510","Production","0111","Wheat","2024","2024","t","243642966.66","E","Estimated value",""
"QCL","Crops and livestock products","009","Oceania","5312","Area harvested","01929.01","Flax, raw or retted","1961","1961","ha","381","A","Official figure",""
"QCL","Crops and livestock products","009","Oceania","5510","Production","01929.01","Flax, raw or retted","1961","1961","t","352","A","Official figure",""
"QCL","Crops and livestock products","009","Oceania","5312","Area harvested","01929.01","Flax, raw or retted","1962","1962","ha","785","A","Official figure",""
"QCL","Crops and livestock products","009","Oceania","5510","Production","01929.01","Flax, raw or retted","1962","1962","t","790","A","Official figure",""
"QCL","Crops and livestock products","009","Oceania","5312","Area harvested","01929.01","Flax, raw or retted","1963","1963","ha","272","A","Official figure",""
"QCL","Crops and livestock products","009","Oceania","5510","Production","01929.01","Flax, raw or retted","1963","1963","t","272","A","Official figure",""
"QCL","Crops and livestock products","009","Oceania","5312","Area harvested","01929.01","Flax, raw or retted","1964","1964","ha","503","A","Official figure",""
"QCL","Crops and livestock products","009","Oceania","5510","Production","01929.01","Flax, raw or retted","1964","1964","t","489","A","Official figure",""
"QCL","Crops and livestock products","009","Oceania","5312","Area harvested","01929.01","Flax, raw or retted","1965","1965","ha","115","A","Official figure",""
"QCL","Crops and livestock products","009","Oceania","5510","Production","01929.01","Flax, raw or retted","1965","1965","t","193","A","Official figure",""
"QCL","Crops and livestock products","009","Oceania","5312","Area harvested","01929.01","Flax, raw or retted","1966","1966","ha","180","A","Official figure",""
"QCL","Crops and livestock products","009","Oceania","5510","Production","01929.01","Flax, raw or retted","1966","1966","t","205","A","Official figure",""
"QCL","Crops and livestock products","009","Oceania","5312","Area harvested","01929.01","Flax, raw or retted","1967","1967","ha","170","E","Estimated value",""
"QCL","Crops and livestock products","009","Oceania","5510","Production","01929.01","Flax, raw or retted","1967","1967","t","170","E","Estimated value",""
"QCL","Crops and livestock products","009","Oceania","5312","Area harvested","01929.01","Flax, raw or retted","1968","1968","ha","150","E","Estimated value",""
"QCL","Crops and livestock products","009","Oceania","5510","Production","01929.01","Flax, raw or retted","1968","1968","t","130","A","Official figure",""
"QCL","Crops and livestock products","009","Oceania","5312","Area harvested","01929.01","Flax, raw or retted","1969","1969","ha","200","A","Official figure",""
"QCL","Crops and livestock products","009","Oceania","5510","Production","01929.01","Flax, raw or retted","1969","1969","t","203","A","Official figure",""
"QCL","Crops and livestock products","009","Oceania","5312","Area harvested","01929.01","Flax, raw or retted","1970","1970","ha","200","A","Official figure",""
"QCL","Crops and livestock products","009","Oceania","5510","Production","01929.01","Flax, raw or retted","1970","1970","t","203","A","Official figure",""
"QCL","Crops and livestock products","009","Oceania","5312","Area harvested","01929.01","Flax, raw or retted","1971","1971","ha","200","A","Official figure",""
"QCL","Crops and livestock products","009","Oceania","5510","Production","01929.01","Flax, raw or retted","1971","1971","t","203","A","Official figure",""
"QCL","Crops and livestock products","009","Oceania","5312","Area harvested","01929.01","Flax, raw or retted","1972","1972","ha","200","E","Estimated value",""
"QCL","Crops and livestock products","009","Oceania","5510","Production","01929.01","Flax, raw or retted","1972","1972","t","200","E","Estimated value",""
"QCL","Crops and livestock products","009","Oceania","5312","Area harvested","01929.01","Flax, raw or retted","1973","1973","ha","210","E","Estimated value",""
"QCL","Crops and livestock products","009","Oceania","5510","Production","01929.01","Flax, raw or retted","1973","1973","t","221","E","Estimated value",""
"QCL","Crops and livestock products","009","Oceania","5312","Area harvested","01929.01","Flax, raw or retted","1974","1974","ha","210","E","Estimated value",""
"QCL","Crops and livestock products","009","Oceania","5510","Production","01929.01","Flax, raw or retted","1974","1974","t","220","E","Estimated value",""
"QCL","Crops and livestock products","009","Oceania","5312","Area harvested","01929.01","Flax, raw or retted","1975","1975","ha","210","E","Estimated value",""
"QCL","Crops and livestock products","009","Oceania","5510","Production","01929.01","Flax, raw or retted","1975","1975","t","220","E","Estimated value",""
"QCL","Crops and livestock products","009","Oceania","5312","Area harvested","01929.01","Flax, raw or retted","1976","1976","ha","210","E","Estimated value",""
"QCL","Crops and livestock products","009","Oceania","5510","Production","01929.01","Flax, raw or retted","1976","1976","t","220","E","Estimated value",""
"QCL","Crops and livestock products","009","Oceania","5312","Area harvested","01929.01","Flax, raw or retted","1977","1977","ha","205","X","Figure from external organization",""
"QCL","Crops and livestock products","009","Oceania","5510","Production","01929.01","Flax, raw or retted","1977","1977","t","220","E","Estimated value",""
"QCL","Crops and livestock products","009","Oceania","5312","Area harvested","01929.01","Flax, raw or retted","1978","1978","ha","216","A","Official figure",""
"QCL","Crops and livestock products","009","Oceania","5510","Production","01929.01","Flax, raw or retted","1978","1978","t","230","E","Estimated value",""
"QCL","Crops and livestock products","009","Oceania","5312","Area harvested","01929.01","Flax, raw or retted","1979","1979","ha","156","A","Official figure",""
"QCL","Crops and livestock products","009","Oceania","5510","Production","01929.01","Flax, raw or retted","1979","1979","t","170","E","Estimated value",""
"QCL","Crops and livestock products","009","Oceania","5312","Area harvested","01929.01","Flax, raw or retted","1980","1980","ha","8","A","Official figure",""
"QCL","Crops and livestock products","009","Oceania","5510","Production","01929.01","Flax, raw or retted","1980","1980","t","9","E","Estimated value",""
"QCL","Crops and livestock products","009","Oceania","5312","Area harvested","01929.01","Flax, raw or retted","1981","1981","ha","0","E","Estimated value",""
"QCL","Crops and livestock products","009","Oceania","5510","Production","01929.01","Flax, raw or retted","1981","1981","t","0","E","Estimated value",""
"QCL","Crops and livestock products","009","Oceania","5312","Area harvested","0116","Rye","1961","1961","ha","25375","A","Official figure",""
"QCL","Crops and livestock products","009","Oceania","5412","Yield","0116","Rye","1961","1961","kg/ha","429","A","Official figure",""
"QCL","Crops and livestock products","009","Oceania","5510","Production","0116","Rye","1961","1961","t","10887","A","Official figure",""
"QCL","Crops and livestock products","009","Oceania","5312","Area harvested","0116","Rye","1962","1962","ha","23493","A","Official figure",""
"QCL","Crops and livestock products","009","Oceania","5412","Yield","0116","Rye","1962","1962","kg/ha","413.6","A","Official figure",""
"QCL","Crops and livestock products","009","Oceania","5510","Production","0116","Rye","1962","1962","t","9716","A","Official figure",""
"QCL","Crops and livestock products","009","Oceania","5312","Area harvested","0116","Rye","1963","1963","ha","23353","A","Official figure",""
"QCL","Crops and livestock products","009","Oceania","5412","Yield","0116","Rye","1963","1963","kg/ha","412.5","A","Official figure",""
"QCL","Crops and livestock products","009","Oceania","5510","Production","0116","Rye","1963","1963","t","9634","A","Official figure",""
"QCL","Crops and livestock products","009","Oceania","5312","Area harvested","0116","Rye","1964","1964","ha","29047","A","Official figure",""
"QCL","Crops and livestock products","009","Oceania","5412","Yield","0116","Rye","1964","1964","kg/ha","481.6","A","Official figure",""
"QCL","Crops and livestock products","009","Oceania","5510","Production","0116","Rye","1964","1964","t","13989","A","Official figure",""
"QCL","Crops and livestock products","009","Oceania","5312","Area harvested","0116","Rye","1965","1965","ha","26227","A","Official figure",""
"QCL","Crops and livestock products","009","Oceania","5412","Yield","0116","Rye","1965","1965","kg/ha","406.8","A","Official figure",""
"QCL","Crops and livestock products","009","Oceania","5510","Production","0116","Rye","1965","1965","t","10669","A","Official figure",""
"QCL","Crops and livestock products","009","Oceania","5312","Area harvested","0116","Rye","1966","1966","ha","35489","A","Official figure",""
"QCL","Crops and livestock products","009","Oceania","5412","Yield","0116","Rye","1966","1966","kg/ha","444.8","A","Official figure",""
"QCL","Crops and livestock products","009","Oceania","5510","Production","0116","Rye","1966","1966","t","15785","A","Official figure",""
"QCL","Crops and livestock products","009","Oceania","5312","Area harvested","0116","Rye","1967","1967","ha","34553","A","Official figure",""
"QCL","Crops and livestock products","009","Oceania","5412","Yield","0116","Rye","1967","1967","kg/ha","299.3","A","Official figure",""
"QCL","Crops and livestock products","009","Oceania","5510","Production","0116","Rye","1967","1967","t","10342","A","Official figure",""
"QCL","Crops and livestock products","009","Oceania","5312","Area harvested","0116","Rye","1968","1968","ha","39254","A","Official figure",""
"QCL","Crops and livestock products","009","Oceania","5412","Yield","0116","Rye","1968","1968","kg/ha","513.9","A","Official figure",""
"QCL","Crops and livestock products","009","Oceania","5510","Production","0116","Rye","1968","1968","t","20173","A","Official figure",""
"QCL","Crops and livestock products","009","Oceania","5312","Area harvested","0116","Rye","1969","1969","ha","34244","A","Official figure",""
"QCL","Crops and livestock products","009","Oceania","5412","Yield","0116","Rye","1969","1969","kg/ha","331.4","A","Official figure",""
"QCL","Crops and livestock products","009","Oceania","5510","Production","0116","Rye","1969","1969","t","11349","A","Official figure",""
"QCL","Crops and livestock products","009","Oceania","5312","Area harvested","0116","Rye","1970","1970","ha","40707","A","Official figure",""
"QCL","Crops and livestock products","009","Oceania","5412","Yield","0116","Rye","1970","1970","kg/ha","544.3","A","Official figure",""
"QCL","Crops and livestock products","009","Oceania","5510","Production","0116","Rye","1970","1970","t","22157","A","Official figure",""
"QCL","Crops and livestock products","009","Oceania","5312","Area harvested","0116","Rye","1971","1971","ha","41458","A","Official figure",""
"QCL","Crops and livestock products","009","Oceania","5412","Yield","0116","Rye","1971","1971","kg/ha","528.5","A","Official figure",""
"QCL","Crops and livestock products","009","Oceania","5510","Production","0116","Rye","1971","1971","t","21912","A","Official figure",""
"QCL","Crops and livestock products","009","Oceania","5312","Area harvested","0116","Rye","1972","1972","ha","28198","A","Official figure",""
"QCL","Crops and livestock products","009","Oceania","5412","Yield","0116","Rye","1972","1972","kg/ha","319.2","A","Official figure",""
"QCL","Crops and livestock products","009","Oceania","5510","Production","0116","Rye","1972","1972","t","9000","A","Official figure",""
"QCL","Crops and livestock products","009","Oceania","5312","Area harvested","0116","Rye","1973","1973","ha","28062","A","Official figure",""
"QCL","Crops and livestock products","009","Oceania","5412","Yield","0116","Rye","1973","1973","kg/ha","285.1","A","Official figure",""
"QCL","Crops and livestock products","009","Oceania","5510","Production","0116","Rye","1973","1973","t","8000","A","Official figure",""
"QCL","Crops and livestock products","009","Oceania","5312","Area harvested","0116","Rye","1974","1974","ha","16178","A","Official figure",""
"QCL","Crops and livestock products","009","Oceania","5412","Yield","0116","Rye","1974","1974","kg/ha","304.2","A","Official figure",""
"QCL","Crops and livestock products","009","Oceania","5510","Production","0116","Rye","1974","1974","t","4921","A","Official figure",""
"QCL","Crops and livestock products","009","Oceania","5312","Area harvested","0116","Rye","1975","1975","ha","14632","A","Official figure",""
"QCL","Crops and livestock products","009","Oceania","5412","Yield","0116","Rye","1975","1975","kg/ha","466.6","A","Official figure",""
"QCL","Crops and livestock products","009","Oceania","5510","Production","0116","Rye","1975","1975","t","6828","A","Official figure",""
"QCL","Crops and livestock products","009","Oceania","5312","Area harvested","0116","Rye","1976","1976","ha","20648","A","Official figure",""
"QCL","Crops and livestock products","009","Oceania","5412","Yield","0116","Rye","1976","1976","kg/ha","454.4","A","Official figure",""
"QCL","Crops and livestock products","009","Oceania","5510","Production","0116","Rye","1976","1976","t","9382","A","Official figure",""
"QCL","Crops and livestock products","009","Oceania","5312","Area harvested","0116","Rye","1977","1977","ha","33599","A","Official figure",""
"QCL","Crops and livestock products","009","Oceania","5412","Yield","0116","Rye","1977","1977","kg/ha","318.7","A","Official figure",""
"QCL","Crops and livestock products","009","Oceania","5510","Production","0116","Rye","1977","1977","t","10708","A","Official figure",""
"QCL","Crops and livestock products","009","Oceania","5312","Area harvested","0116","Rye","1978","1978","ha","49961","A","Official figure",""
"QCL","Crops and livestock products","009","Oceania","5412","Yield","0116","Rye","1978","1978","kg/ha","522.3","A","Official figure",""
"QCL","Crops and livestock products","009","Oceania","5510","Production","0116","Rye","1978","1978","t","26097","A","Official figure",""
"QCL","Crops and livestock products","009","Oceania","5312","Area harvested","0116","Rye","1979","1979","ha","26402","A","Official figure",""
"QCL","Crops and livestock products","009","Oceania","5412","Yield","0116","Rye","1979","1979","kg/ha","352.4","A","Official figure",""
"QCL","Crops and livestock products","009","Oceania","5510","Production","0116","Rye","1979","1979","t","9305","A","Official figure",""
"QCL","Crops and livestock products","009","Oceania","5312","Area harvested","0116","Rye","1980","1980","ha","20650","A","Official figure",""
"QCL","Crops and livestock products","009","Oceania","5412","Yield","0116","Rye","1980","1980","kg/ha","430.9","A","Official figure",""
"QCL","Crops and livestock products","009","Oceania","5510","Production","0116","Rye","1980","1980","t","8899","A","Official figure",""
"QCL","Crops and livestock products","009","Oceania","5312","Area harvested","0116","Rye","1981","1981","ha","35000","A","Official figure",""
"QCL","Crops and livestock products","009","Oceania","5412","Yield","0116","Rye","1981","1981","kg/ha","459.4","A","Official figure",""
"QCL","Crops and livestock products","009","Oceania","5510","Production","0116","Rye","1981","1981","t","16078","A","Official figure",""
"QCL","Crops and livestock products","009","Oceania","5312","Area harvested","0116","Rye","1982","1982","ha","41966","A","Official figure",""
"QCL","Crops and livestock products","009","Oceania","5412","Yield","0116","Rye","1982","1982","kg/ha","228.1","A","Official figure",""
"QCL","Crops and livestock products","009","Oceania","5510","Production","0116","Rye","1982","1982","t","9573","A","Official figure",""
"QCL","Crops and livestock products","009","Oceania","5312","Area harvested","0116","Rye","1983","1983","ha","51781","A","Official figure",""
"QCL","Crops and livestock products","009","Oceania","5412","Yield","0116","Rye","1983","1983","kg/ha","464.9","A","Official figure",""
"QCL","Crops and livestock products","009","Oceania","5510","Production","0116","Rye","1983","1983","t","24072","A","Official figure",""
"QCL","Crops and livestock products","009","Oceania","5312","Area harvested","0116","Rye","1984","1984","ha","31472","A","Official figure",""
"QCL","Crops and livestock products","009","Oceania","5412","Yield","0116","Rye","1984","1984","kg/ha","449.4","A","Official figure",""
"QCL","Crops and livestock products","009","Oceania","5510","Production","0116","Rye","1984","1984","t","14144","A","Official figure",""
"QCL","Crops and livestock products","009","Oceania","5312","Area harvested","0116","Rye","1985","1985","ha","48263","A","Official figure",""
"QCL","Crops and livestock products","009","Oceania","5412","Yield","0116","Rye","1985","1985","kg/ha","500.5","A","Official figure",""
"QCL","Crops and livestock products","009","Oceania","5510","Production","0116","Rye","1985","1985","t","24157","A","Official figure",""
"QCL","Crops and livestock products","009","Oceania","5312","Area harvested","0116","Rye","1986","1986","ha","74619","A","Official figure",""
"QCL","Crops and livestock products","009","Oceania","5412","Yield","0116","Rye","1986","1986","kg/ha","734.5","A","Official figure",""
"QCL","Crops and livestock products","009","Oceania","5510","Production","0116","Rye","1986","1986","t","54805","A","Official figure",""
"QCL","Crops and livestock products","009","Oceania","5312","Area harvested","0116","Rye","1987","1987","ha","42074","A","Official figure",""
"QCL","Crops and livestock products","009","Oceania","5412","Yield","0116","Rye","1987","1987","kg/ha","618.2","A","Official figure",""
"QCL","Crops and livestock products","009","Oceania","5510","Production","0116","Rye","1987","1987","t","26010","A","Official figure",""
"QCL","Crops and livestock products","009","Oceania","5312","Area harvested","0116","Rye","1988","1988","ha","34620","A","Official figure",""
"QCL","Crops and livestock products","009","Oceania","5412","Yield","0116","Rye","1988","1988","kg/ha","491.8","A","Official figure",""
"QCL","Crops and livestock products","009","Oceania","5510","Production","0116","Rye","1988","1988","t","17026","A","Official figure",""
"QCL","Crops and livestock products","009","Oceania","5312","Area harvested","0116","Rye","1989","1989","ha","37440","A","Official figure",""
"QCL","Crops and livestock products","009","Oceania","5412","Yield","0116","Rye","1989","1989","kg/ha","564.6","A","Official figure",""
"QCL","Crops and livestock products","009","Oceania","5510","Production","0116","Rye","1989","1989","t","21139","A","Official figure",""
"QCL","Crops and livestock products","009","Oceania","5312","Area harvested","0116","Rye","1990","1990","ha","32000","E","Estimated value",""
"QCL","Crops and livestock products","009","Oceania","5412","Yield","0116","Rye","1990","1990","kg/ha","701.6","E","Estimated value",""
"QCL","Crops and livestock products","009","Oceania","5510","Production","0116","Rye","1990","1990","t","22450","A","Official figure",""
"QCL","Crops and livestock products","009","Oceania","5312","Area harvested","0116","Rye","1991","1991","ha","42000","E","Estimated value",""
"QCL","Crops and livestock products","009","Oceania","5412","Yield","0116","Rye","1991","1991","kg/ha","797","E","Estimated value",""
"QCL","Crops and livestock products","009","Oceania","5510","Production","0116","Rye","1991","1991","t","33475","A","Official figure",""
"QCL","Crops and livestock products","009","Oceania","5312","Area harvested","0116","Rye","1992","1992","ha","42000","X","Figure from external organization",""
"QCL","Crops and livestock products","009","Oceania","5412","Yield","0116","Rye","1992","1992","kg/ha","676.5","E","Estimated value",""
"QCL","Crops and livestock products","009","Oceania","5510","Production","0116","Rye","1992","1992","t","28411","A","Official figure",""
"QCL","Crops and livestock products","009","Oceania","5312","Area harvested","0116","Rye","1993","1993","ha","30200","A","Official figure",""
"QCL","Crops and livestock products","009","Oceania","5412","Yield","0116","Rye","1993","1993","kg/ha","788.2","A","Official figure",""
"QCL","Crops and livestock products","009","Oceania","5510","Production","0116","Rye","1993","1993","t","23805","A","Official figure",""
"QCL","Crops and livestock products","009","Oceania","5312","Area harvested","0116","Rye","1994","1994","ha","35000","X","Figure from external organization",""
"QCL","Crops and livestock products","009","Oceania","5412","Yield","0116","Rye","1994","1994","kg/ha","571.4","X","Figure from external organization",""
"QCL","Crops and livestock products","009","Oceania","5510","Production","0116","Rye","1994","1994","t","20000","X","Figure from external organization",""
"QCL","Crops and livestock products","009","Oceania","5312","Area harvested","0116","Rye","1995","1995","ha","35000","X","Figure from external organization",""
"QCL","Crops and livestock products","009","Oceania","5412","Yield","0116","Rye","1995","1995","kg/ha","571.4","X","Figure from external organization",""
"QCL","Crops and livestock products","009","Oceania","5510","Production","0116","Rye","1995","1995","t","20000","X","Figure from external organization",""
"QCL","Crops and livestock products","009","Oceania","5312","Area harvested","0116","Rye","1996","1996","ha","35000","X","Figure from external organization",""
"QCL","Crops and livestock products","009","Oceania","5412","Yield","0116","Rye","1996","1996","kg/ha","571.4","X","Figure from external organization",""
"QCL","Crops and livestock products","009","Oceania","5510","Production","0116","Rye","1996","1996","t","20000","X","Figure from external organization",""
"QCL","Crops and livestock products","009","Oceania","5312","Area harvested","0116","Rye","1997","1997","ha","35000","X","Figure from external organization",""
"QCL","Crops and livestock products","009","Oceania","5412","Yield","0116","Rye","1997","1997","kg/ha","571.4","X","Figure from external organization",""
"QCL","Crops and livestock products","009","Oceania","5510","Production","0116","Rye","1997","1997","t","20000","X","Figure from external organization",""
"QCL","Crops and livestock products","009","Oceania","5312","Area harvested","0116","Rye","1998","1998","ha","35000","X","Figure from external organization",""
"QCL","Crops and livestock products","009","Oceania","5412","Yield","0116","Rye","1998","1998","kg/ha","571.4","X","Figure from external organization",""
"QCL","Crops and livestock products","009","Oceania","5510","Production","0116","Rye","1998","1998","t","20000","X","Figure from external organization",""
"QCL","Crops and livestock products","009","Oceania","5312","Area harvested","0116","Rye","1999","1999","ha","35000","X","Figure from external organization",""
"QCL","Crops and livestock products","009","Oceania","5412","Yield","0116","Rye","1999","1999","kg/ha","571.4","X","Figure from external organization",""
"QCL","Crops and livestock products","009","Oceania","5510","Production","0116","Rye","1999","1999","t","20000","X","Figure from external organization",""
"QCL","Crops and livestock products","009","Oceania","5312","Area harvested","0116","Rye","2000","2000","ha","35000","X","Figure from external organization",""
"QCL","Crops and livestock products","009","Oceania","5412","Yield","0116","Rye","2000","2000","kg/ha","571.4","X","Figure from external organization",""
"QCL","Crops and livestock products","009","Oceania","5510","Production","0116","Rye","2000","2000","t","20000","X","Figure from external organization",""
"QCL","Crops and livestock products","009","Oceania","5312","Area harvested","0116","Rye","2001","2001","ha","35000","X","Figure from external organization",""
"QCL","Crops and livestock products","009","Oceania","5412","Yield","0116","Rye","2001","2001","kg/ha","571.4","X","Figure from external organization",""
"QCL","Crops and livestock products","009","Oceania","5510","Production","0116","Rye","2001","2001","t","20000","X","Figure from external organization",""
"QCL","Crops and livestock products","009","Oceania","5312","Area harvested","0116","Rye","2002","2002","ha","35000","X","Figure from external organization",""
"QCL","Crops and livestock products","009","Oceania","5412","Yield","0116","Rye","2002","2002","kg/ha","571.4","X","Figure from external organization",""
"QCL","Crops and livestock products","009","Oceania","5510","Production","0116","Rye","2002","2002","t","20000","X","Figure from external organization",""
"QCL","Crops and livestock products","009","Oceania","5312","Area harvested","0116","Rye","2003","2003","ha","35000","X","Figure from external organization",""
"QCL","Crops and livestock products","009","Oceania","5412","Yield","0116","Rye","2003","2003","kg/ha","571.4","X","Figure from external organization",""
"QCL","Crops and livestock products","009","Oceania","5510","Production","0116","Rye","2003","2003","t","20000","X","Figure from external organization",""
"QCL","Crops and livestock products","009","Oceania","5312","Area harvested","0116","Rye","2004","2004","ha","35000","X","Figure from external organization",""
"QCL","Crops and livestock products","009","Oceania","5412","Yield","0116","Rye","2004","2004","kg/ha","571.4","X","Figure from external organization",""
"QCL","Crops and livestock products","009","Oceania","5510","Production","0116","Rye","2004","2004","t","20000","X","Figure from external organization",""
"QCL","Crops and livestock products","009","Oceania","5312","Area harvested","0116","Rye","2005","2005","ha","35000","X","Figure from external organization",""
"QCL","Crops and livestock products","009","Oceania","5412","Yield","0116","Rye","2005","2005","kg/ha","571.4","X","Figure from external organization",""
"QCL","Crops and livestock products","009","Oceania","5510","Production","0116","Rye","2005","2005","t","20000","X","Figure from external organization",""
"QCL","Crops and livestock products","009","Oceania","5312","Area harvested","0116","Rye","2006","2006","ha","35000","X","Figure from external organization",""
"QCL","Crops and livestock products","009","Oceania","5412","Yield","0116","Rye","2006","2006","kg/ha","571.4","X","Figure from external organization",""
"QCL","Crops and livestock products","009","Oceania","5510","Production","0116","Rye","2006","2006","t","20000","X","Figure from external organization",""
"QCL","Crops and livestock products","009","Oceania","5312","Area harvested","0116","Rye","2007","2007","ha","35000","X","Figure from external organization",""
"QCL","Crops and livestock products","009","Oceania","5412","Yield","0116","Rye","2007","2007","kg/ha","571.4","X","Figure from external organization",""
"QCL","Crops and livestock products","009","Oceania","5510","Production","0116","Rye","2007","2007","t","20000","X","Figure from external organization",""
"QCL","Crops and livestock products","009","Oceania","5312","Area harvested","0116","Rye","2008","2008","ha","61500","E","Estimated value",""
"QCL","Crops and livestock products","009","Oceania","5412","Yield","0116","Rye","2008","2008","kg/ha","569.1","E","Estimated value",""
"QCL","Crops and livestock products","009","Oceania","5510","Production","0116","Rye","2008","2008","t","35000","E","Estimated value",""
"QCL","Crops and livestock products","009","Oceania","5312","Area harvested","0116","Rye","2009","2009","ha","49613","E","Estimated value",""
"QCL","Crops and livestock products","009","Oceania","5412","Yield","0116","Rye","2009","2009","kg/ha","598.1","E","Estimated value",""
"QCL","Crops and livestock products","009","Oceania","5510","Production","0116","Rye","2009","2009","t","29672.51","E","Estimated value",""
"QCL","Crops and livestock products","009","Oceania","5312","Area harvested","0116","Rye","2010","2010","ha","47670","E","Estimated value",""
"QCL","Crops and livestock products","009","Oceania","5412","Yield","0116","Rye","2010","2010","kg/ha","616.9","E","Estimated value",""
"QCL","Crops and livestock products","009","Oceania","5510","Production","0116","Rye","2010","2010","t","29407.21","E","Estimated value",""
"QCL","Crops and livestock products","009","Oceania","5312","Area harvested","0116","Rye","2011","2011","ha","47514","E","Estimated value",""
"QCL","Crops and livestock products","009","Oceania","5412","Yield","0116","Rye","2011","2011","kg/ha","629.3","E","Estimated value",""
"QCL","Crops and livestock products","009","Oceania","5510","Production","0116","Rye","2011","2011","t","29898.16","E","Estimated value",""
"QCL","Crops and livestock products","009","Oceania","5312","Area harvested","0116","Rye","2012","2012","ha","60000","X","Figure from external organization",""
"QCL","Crops and livestock products","009","Oceania","5412","Yield","0116","Rye","2012","2012","kg/ha","666.7","X","Figure from external organization",""
"QCL","Crops and livestock products","009","Oceania","5510","Production","0116","Rye","2012","2012","t","40000","X","Figure from external organization",""
"QCL","Crops and livestock products","009","Oceania","5312","Area harvested","0116","Rye","2013","2013","ha","47057","E","Estimated value",""
"QCL","Crops and livestock products","009","Oceania","5412","Yield","0116","Rye","2013","2013","kg/ha","653.8","E","Estimated value",""
"QCL","Crops and livestock products","009","Oceania","5510","Production","0116","Rye","2013","2013","t","30767.4","E","Estimated value",""
"QCL","Crops and livestock products","009","Oceania","5312","Area harvested","0116","Rye","2014","2014","ha","45010","E","Estimated value",""
"QCL","Crops and livestock products","009","Oceania","5412","Yield","0116","Rye","2014","2014","kg/ha","656","E","Estimated value",""
"QCL","Crops and livestock products","009","Oceania","5510","Production","0116","Rye","2014","2014","t","29524.68","E","Estimated value",""
"QCL","Crops and livestock products","009","Oceania","5312","Area harvested","0116","Rye","2015","2015","ha","44846","E","Estimated value",""
"QCL","Crops and livestock products","009","Oceania","5412","Yield","0116","Rye","2015","2015","kg/ha","677","E","Estimated value",""
"QCL","Crops and livestock products","009","Oceania","5510","Production","0116","Rye","2015","2015","t","30359.21","E","Estimated value",""
"QCL","Crops and livestock products","009","Oceania","5312","Area harvested","0116","Rye","2016","2016","ha","43446","E","Estimated value",""
"QCL","Crops and livestock products","009","Oceania","5412","Yield","0116","Rye","2016","2016","kg/ha","691","E","Estimated value",""
"QCL","Crops and livestock products","009","Oceania","5510","Production","0116","Rye","2016","2016","t","30020.44","E","Estimated value",""
"QCL","Crops and livestock products","009","Oceania","5312","Area harvested","0116","Rye","2017","2017","ha","40000","X","Figure from external organization",""
"QCL","Crops and livestock products","009","Oceania","5412","Yield","0116","Rye","2017","2017","kg/ha","750","X","Figure from external organization",""
"QCL","Crops and livestock products","009","Oceania","5510","Production","0116","Rye","2017","2017","t","30000","X","Figure from external organization",""
"QCL","Crops and livestock products","009","Oceania","5312","Area harvested","0116","Rye","2018","2018","ha","41494","E","Estimated value",""
"QCL","Crops and livestock products","009","Oceania","5412","Yield","0116","Rye","2018","2018","kg/ha","713.7","E","Estimated value",""
"QCL","Crops and livestock products","009","Oceania","5510","Production","0116","Rye","2018","2018","t","29614.77","E","Estimated value",""
"QCL","Crops and livestock products","009","Oceania","5312","Area harvested","0116","Rye","2019","2019","ha","41494","E","Estimated value",""
"QCL","Crops and livestock products","009","Oceania","5412","Yield","0116","Rye","2019","2019","kg/ha","706.4","E","Estimated value",""
"QCL","Crops and livestock products","009","Oceania","5510","Production","0116","Rye","2019","2019","t","29313.12","E","Estimated value",""
"QCL","Crops and livestock products","009","Oceania","5312","Area harvested","0116","Rye","2020","2020","ha","41147","E","Estimated value",""
"QCL","Crops and livestock products","009","Oceania","5412","Yield","0116","Rye","2020","2020","kg/ha","701.8","E","Estimated value",""
"QCL","Crops and livestock products","009","Oceania","5510","Production","0116","Rye","2020","2020","t","28876.91","E","Estimated value",""
"QCL","Crops and livestock products","009","Oceania","5312","Area harvested","0116","Rye","2021","2021","ha","41378","E","Estimated value",""
"QCL","Crops and livestock products","009","Oceania","5412","Yield","0116","Rye","2021","2021","kg/ha","687.4","E","Estimated value",""
"QCL","Crops and livestock products","009","Oceania","5510","Production","0116","Rye","2021","2021","t","28441.75","E","Estimated value",""
"QCL","Crops and livestock products","009","Oceania","5312","Area harvested","0116","Rye","2022","2022","ha","41340","E","Estimated value",""
"QCL","Crops and livestock products","009","Oceania","5412","Yield","0116","Rye","2022","2022","kg/ha","698.5","E","Estimated value",""
"QCL","Crops and livestock products","009","Oceania","5510","Production","0116","Rye","2022","2022","t","28877.26","E","Estimated value",""
"QCL","Crops and livestock products","009","Oceania","5312","Area harvested","0116","Rye","2023","2023","ha","41288","E","Estimated value",""
"QCL","Crops and livestock products","009","Oceania","5412","Yield","0116","Rye","2023","2023","kg/ha","695.9","E","Estimated value",""
"QCL","Crops and livestock products","009","Oceania","5510","Production","0116","Rye","2023","2023","t","28731.98","E","Estimated value",""
"QCL","Crops and livestock products","009","Oceania","5312","Area harvested","0116","Rye","2024","2024","ha","41335","E","Estimated value",""
"QCL","Crops and livestock products","009","Oceania","5412","Yield","0116","Rye","2024","2024","kg/ha","693.9","E","Estimated value",""
"QCL","Crops and livestock products","009","Oceania","5510","Production","0116","Rye","2024","2024","t","28683.66","E","Estimated value",""
"QCL","Crops and livestock products","009","Oceania","5312","Area harvested","0111","Wheat","1961","1961","ha","6033739","A","Official figure",""
"QCL","Crops and livestock products","009","Oceania","5412","Yield","0111","Wheat","1961","1961","kg/ha","1156.9","E","Estimated value",""
"QCL","Crops and livestock products","009","Oceania","5510","Production","0111","Wheat","1961","1961","t","6980641","E","Estimated value",""
"QCL","Crops and livestock products","009","Oceania","5312","Area harvested","0111","Wheat","1962","1962","ha","6740106","E","Estimated value",""
"QCL","Crops and livestock products","009","Oceania","5412","Yield","0111","Wheat","1962","1962","kg/ha","1270.9","E","Estimated value",""
"QCL","Crops and livestock products","009","Oceania","5510","Production","0111","Wheat","1962","1962","t","8566245","E","Estimated value",""
"QCL","Crops and livestock products","009","Oceania","5312","Area harvested","0111","Wheat","1963","1963","ha","6758072","E","Estimated value",""
"QCL","Crops and livestock products","009","Oceania","5412","Yield","0111","Wheat","1963","1963","kg/ha","1357.5","E","Estimated value",""
"QCL","Crops and livestock products","009","Oceania","5510","Production","0111","Wheat","1963","1963","t","9173748","E","Estimated value",""
"QCL","Crops and livestock products","009","Oceania","5312","Area harvested","0111","Wheat","1964","1964","ha","7334075","E","Estimated value",""
"QCL","Crops and livestock products","009","Oceania","5412","Yield","0111","Wheat","1964","1964","kg/ha","1405.9","E","Estimated value",""
"QCL","Crops and livestock products","009","Oceania","5510","Production","0111","Wheat","1964","1964","t","10311044","E","Estimated value",""
"QCL","Crops and livestock products","009","Oceania","5312","Area harvested","0111","Wheat","1965","1965","ha","7162477","E","Estimated value",""
"QCL","Crops and livestock products","009","Oceania","5412","Yield","0111","Wheat","1965","1965","kg/ha","1021.6","E","Estimated value",""
"QCL","Crops and livestock products","009","Oceania","5510","Production","0111","Wheat","1965","1965","t","7317480","E","Estimated value",""
"QCL","Crops and livestock products","009","Oceania","5312","Area harvested","0111","Wheat","1966","1966","ha","8507540","E","Estimated value",""
"QCL","Crops and livestock products","009","Oceania","5412","Yield","0111","Wheat","1966","1966","kg/ha","1527","E","Estimated value",""
"QCL","Crops and livestock products","009","Oceania","5510","Production","0111","Wheat","1966","1966","t","12991135","E","Estimated value",""
"QCL","Crops and livestock products","009","Oceania","5312","Area harvested","0111","Wheat","1967","1967","ha","9174994","E","Estimated value",""
"QCL","Crops and livestock products","009","Oceania","5412","Yield","0111","Wheat","1967","1967","kg/ha","860.4","E","Estimated value",""
"QCL","Crops and livestock products","009","Oceania","5510","Production","0111","Wheat","1967","1967","t","7894601","A","Official figure",""
"QCL","Crops and livestock products","009","Oceania","5312","Area harvested","0111","Wheat","1968","1968","ha","10972026","E","Estimated value",""
"QCL","Crops and livestock products","009","Oceania","5412","Yield","0111","Wheat","1968","1968","kg/ha","1389.6","E","Estimated value",""
"QCL","Crops and livestock products","009","Oceania","5510","Production","0111","Wheat","1968","1968","t","15246563","A","Official figure",""
"QCL","Crops and livestock products","009","Oceania","5312","Area harvested","0111","Wheat","1969","1969","ha","9615725","E","Estimated value",""
"QCL","Crops and livestock products","009","Oceania","5412","Yield","0111","Wheat","1969","1969","kg/ha","1144.5","E","Estimated value",""
"QCL","Crops and livestock products","009","Oceania","5510","Production","0111","Wheat","1969","1969","t","11004929","A","Official figure",""
"QCL","Crops and livestock products","009","Oceania","5312","Area harvested","0111","Wheat","1970","1970","ha","6586910","E","Estimated value",""
"QCL","Crops and livestock products","009","Oceania","5412","Yield","0111","Wheat","1970","1970","kg/ha","1241.4","E","Estimated value",""
"QCL","Crops and livestock products","009","Oceania","5510","Production","0111","Wheat","1970","1970","t","8177230","A","Official figure",""
"QCL","Crops and livestock products","009","Oceania","5312","Area harvested","0111","Wheat","1971","1971","ha","7235395","E","Estimated value",""
"QCL","Crops and livestock products","009","Oceania","5412","Yield","0111","Wheat","1971","1971","kg/ha","1234.4","E","Estimated value",""
"QCL","Crops and livestock products","009","Oceania","5510","Production","0111","Wheat","1971","1971","t","8931666","A","Official figure",""
"QCL","Crops and livestock products","009","Oceania","5312","Area harvested","0111","Wheat","1972","1972","ha","7710698","E","Estimated value",""
"QCL","Crops and livestock products","009","Oceania","5412","Yield","0111","Wheat","1972","1972","kg/ha","905.1","E","Estimated value",""
"QCL","Crops and livestock products","009","Oceania","5510","Production","0111","Wheat","1972","1972","t","6978713","E","Estimated value",""
"QCL","Crops and livestock products","009","Oceania","5312","Area harvested","0111","Wheat","1973","1973","ha","9055977","E","Estimated value",""
"QCL","Crops and livestock products","009","Oceania","5412","Yield","0111","Wheat","1973","1973","kg/ha","1365.2","E","Estimated value",""
"QCL","Crops and livestock products","009","Oceania","5510","Production","0111","Wheat","1973","1973","t","12363178","E","Estimated value",""
"QCL","Crops and livestock products","009","Oceania","5312","Area harvested","0111","Wheat","1974","1974","ha","8374975","E","Estimated value",""
"QCL","Crops and livestock products","009","Oceania","5412","Yield","0111","Wheat","1974","1974","kg/ha","1381.7","E","Estimated value",""
"QCL","Crops and livestock products","009","Oceania","5510","Production","0111","Wheat","1974","1974","t","11571647","E","Estimated value",""
"QCL","Crops and livestock products","009","Oceania","5312","Area harvested","0111","Wheat","1975","1975","ha","8612882","A","Official figure",""
"QCL","Crops and livestock products","009","Oceania","5412","Yield","0111","Wheat","1975","1975","kg/ha","1412.1","A","Official figure",""
"QCL","Crops and livestock products","009","Oceania","5510","Production","0111","Wheat","1975","1975","t","12161946","A","Official figure",""
"QCL","Crops and livestock products","009","Oceania","5312","Area harvested","0111","Wheat","1976","1976","ha","9060026","E","Estimated value",""
"QCL","Crops and livestock products","009","Oceania","5412","Yield","0111","Wheat","1976","1976","kg/ha","1345.3","E","Estimated value",""
"QCL","Crops and livestock products","009","Oceania","5510","Production","0111","Wheat","1976","1976","t","12188228","E","Estimated value",""
"QCL","Crops and livestock products","009","Oceania","5312","Area harvested","0111","Wheat","1977","1977","ha","10051128","A","Official figure",""
"QCL","Crops and livestock products","009","Oceania","5412","Yield","0111","Wheat","1977","1977","kg/ha","967.5","A","Official figure",""
"QCL","Crops and livestock products","009","Oceania","5510","Production","0111","Wheat","1977","1977","t","9724425","A","Official figure",""
"QCL","Crops and livestock products","009","Oceania","5312","Area harvested","0111","Wheat","1978","1978","ha","10339904","A","Official figure",""
"QCL","Crops and livestock products","009","Oceania","5412","Yield","0111","Wheat","1978","1978","kg/ha","1781.3","A","Official figure",""
"QCL","Crops and livestock products","009","Oceania","5510","Production","0111","Wheat","1978","1978","t","18418816","A","Official figure",""
"QCL","Crops and livestock products","009","Oceania","5312","Area harvested","0111","Wheat","1979","1979","ha","11239928","A","Official figure",""
"QCL","Crops and livestock products","009","Oceania","5412","Yield","0111","Wheat","1979","1979","kg/ha","1466.5","A","Official figure",""
"QCL","Crops and livestock products","009","Oceania","5510","Production","0111","Wheat","1979","1979","t","16483098","A","Official figure",""
"QCL","Crops and livestock products","009","Oceania","5312","Area harvested","0111","Wheat","1980","1980","ha","11369238","A","Official figure",""
"QCL","Crops and livestock products","009","Oceania","5412","Yield","0111","Wheat","1980","1980","kg/ha","981.8","A","Official figure",""
"QCL","Crops and livestock products","009","Oceania","5510","Production","0111","Wheat","1980","1980","t","11162018","A","Official figure",""
"QCL","Crops and livestock products","009","Oceania","5312","Area harvested","0111","Wheat","1981","1981","ha","11966429","A","Official figure",""
"QCL","Crops and livestock products","009","Oceania","5412","Yield","0111","Wheat","1981","1981","kg/ha","1394.4","A","Official figure",""
"QCL","Crops and livestock products","009","Oceania","5510","Production","0111","Wheat","1981","1981","t","16685983","A","Official figure",""
"QCL","Crops and livestock products","009","Oceania","5312","Area harvested","0111","Wheat","1982","1982","ha","11591525","A","Official figure",""
"QCL","Crops and livestock products","009","Oceania","5412","Yield","0111","Wheat","1982","1982","kg/ha","790.9","A","Official figure",""
"QCL","Crops and livestock products","009","Oceania","5510","Production","0111","Wheat","1982","1982","t","9168203","A","Official figure",""
"QCL","Crops and livestock products","009","Oceania","5312","Area harvested","0111","Wheat","1983","1983","ha","13001996","A","Official figure",""
"QCL","Crops and livestock products","009","Oceania","5412","Yield","0111","Wheat","1983","1983","kg/ha","1716.4","A","Official figure",""
"QCL","Crops and livestock products","009","Oceania","5510","Production","0111","Wheat","1983","1983","t","22317206","A","Official figure",""
"QCL","Crops and livestock products","009","Oceania","5312","Area harvested","0111","Wheat","1984","1984","ha","12147013","A","Official figure",""
"QCL","Crops and livestock products","009","Oceania","5412","Yield","0111","Wheat","1984","1984","kg/ha","1562.6","A","Official figure",""
"QCL","Crops and livestock products","009","Oceania","5510","Production","0111","Wheat","1984","1984","t","18980832","A","Official figure",""
"QCL","Crops and livestock products","009","Oceania","5312","Area harvested","0111","Wheat","1985","1985","ha","11754043","A","Official figure",""
"QCL","Crops and livestock products","009","Oceania","5412","Yield","0111","Wheat","1985","1985","kg/ha","1387.5","A","Official figure",""
"QCL","Crops and livestock products","009","Oceania","5510","Production","0111","Wheat","1985","1985","t","16308958","A","Official figure",""
"QCL","Crops and livestock products","009","Oceania","5312","Area harvested","0111","Wheat","1986","1986","ha","11226664","A","Official figure",""
"QCL","Crops and livestock products","009","Oceania","5412","Yield","0111","Wheat","1986","1986","kg/ha","1469.7","A","Official figure",""
"QCL","Crops and livestock products","009","Oceania","5510","Production","0111","Wheat","1986","1986","t","16499272","A","Official figure",""
"QCL","Crops and livestock products","009","Oceania","5312","Area harvested","0111","Wheat","1987","1987","ha","9088123","E","Estimated value",""
"QCL","Crops and livestock products","009","Oceania","5412","Yield","0111","Wheat","1987","1987","kg/ha","1389.1","E","Estimated value",""
"QCL","Crops and livestock products","009","Oceania","5510","Production","0111","Wheat","1987","1987","t","12624063","A","Official figure",""
"QCL","Crops and livestock products","009","Oceania","5312","Area harvested","0111","Wheat","1988","1988","ha","8877481","E","Estimated value",""
"QCL","Crops and livestock products","009","Oceania","5412","Yield","0111","Wheat","1988","1988","kg/ha","1592.9","E","Estimated value",""
"QCL","Crops and livestock products","009","Oceania","5510","Production","0111","Wheat","1988","1988","t","14141050","A","Official figure",""
"QCL","Crops and livestock products","009","Oceania","5312","Area harvested","0111","Wheat","1989","1989","ha","9041908","E","Estimated value",""
"QCL","Crops and livestock products","009","Oceania","5412","Yield","0111","Wheat","1989","1989","kg/ha","1587","E","Estimated value",""
"QCL","Crops and livestock products","009","Oceania","5510","Production","0111","Wheat","1989","1989","t","14349715","A","Official figure",""
"QCL","Crops and livestock products","009","Oceania","5312","Area harvested","0111","Wheat","1990","1990","ha","9256796","E","Estimated value",""
"QCL","Crops and livestock products","009","Oceania","5412","Yield","0111","Wheat","1990","1990","kg/ha","1647.9","E","Estimated value",""
"QCL","Crops and livestock products","009","Oceania","5510","Production","0111","Wheat","1990","1990","t","15254292","A","Official figure",""
"QCL","Crops and livestock products","009","Oceania","5312","Area harvested","0111","Wheat","1991","1991","ha","7220750","A","Official figure",""
"QCL","Crops and livestock products","009","Oceania","5412","Yield","0111","Wheat","1991","1991","kg/ha","1487.2","A","Official figure",""
"QCL","Crops and livestock products","009","Oceania","5510","Production","0111","Wheat","1991","1991","t","10738398","A","Official figure",""
"QCL","Crops and livestock products","009","Oceania","5312","Area harvested","0111","Wheat","1992","1992","ha","8312521","A","Official figure",""
"QCL","Crops and livestock products","009","Oceania","5412","Yield","0111","Wheat","1992","1992","kg/ha","1796.1","A","Official figure",""
"QCL","Crops and livestock products","009","Oceania","5510","Production","0111","Wheat","1992","1992","t","14929940","A","Official figure",""
"QCL","Crops and livestock products","009","Oceania","5312","Area harvested","0111","Wheat","1993","1993","ha","8423913","A","Official figure",""
"QCL","Crops and livestock products","009","Oceania","5412","Yield","0111","Wheat","1993","1993","kg/ha","1982.3","A","Official figure",""
"QCL","Crops and livestock products","009","Oceania","5510","Production","0111","Wheat","1993","1993","t","16698510","A","Official figure",""
"QCL","Crops and livestock products","009","Oceania","5312","Area harvested","0111","Wheat","1994","1994","ha","7935428","A","Official figure",""
"QCL","Crops and livestock products","009","Oceania","5412","Yield","0111","Wheat","1994","1994","kg/ha","1159.7","A","Official figure",""
"QCL","Crops and livestock products","009","Oceania","5510","Production","0111","Wheat","1994","1994","t","9202990","A","Official figure",""
"QCL","Crops and livestock products","009","Oceania","5312","Area harvested","0111","Wheat","1995","1995","ha","9273232","A","Official figure",""
"QCL","Crops and livestock products","009","Oceania","5412","Yield","0111","Wheat","1995","1995","kg/ha","1806.2","A","Official figure",""
"QCL","Crops and livestock products","009","Oceania","5510","Production","0111","Wheat","1995","1995","t","16749270","A","Official figure",""
"QCL","Crops and livestock products","009","Oceania","5312","Area harvested","0111","Wheat","1996","1996","ha","10986661","A","Official figure",""
"QCL","Crops and livestock products","009","Oceania","5412","Yield","0111","Wheat","1996","1996","kg/ha","2111.8","A","Official figure",""
"QCL","Crops and livestock products","009","Oceania","5510","Production","0111","Wheat","1996","1996","t","23201316","A","Official figure",""
"QCL","Crops and livestock products","009","Oceania","5312","Area harvested","0111","Wheat","1997","1997","ha","10497027","A","Official figure",""
"QCL","Crops and livestock products","009","Oceania","5412","Yield","0111","Wheat","1997","1997","kg/ha","1861.6","A","Official figure",""
"QCL","Crops and livestock products","009","Oceania","5510","Production","0111","Wheat","1997","1997","t","19541051","A","Official figure",""
"QCL","Crops and livestock products","009","Oceania","5312","Area harvested","0111","Wheat","1998","1998","ha","11591640","A","Official figure",""
"QCL","Crops and livestock products","009","Oceania","5412","Yield","0111","Wheat","1998","1998","kg/ha","1877.8","A","Official figure",""
"QCL","Crops and livestock products","009","Oceania","5510","Production","0111","Wheat","1998","1998","t","21766979","A","Official figure",""
"QCL","Crops and livestock products","009","Oceania","5312","Area harvested","0111","Wheat","1999","1999","ha","12390801","A","Official figure",""
"QCL","Crops and livestock products","009","Oceania","5412","Yield","0111","Wheat","1999","1999","kg/ha","2023.8","A","Official figure",""
"QCL","Crops and livestock products","009","Oceania","5510","Production","0111","Wheat","1999","1999","t","25077007","A","Official figure",""
"QCL","Crops and livestock products","009","Oceania","5312","Area harvested","0111","Wheat","2000","2000","ha","12193500","A","Official figure",""
"QCL","Crops and livestock products","009","Oceania","5412","Yield","0111","Wheat","2000","2000","kg/ha","1839.8","A","Official figure",""
"QCL","Crops and livestock products","009","Oceania","5510","Production","0111","Wheat","2000","2000","t","22434000","A","Official figure",""
"QCL","Crops and livestock products","009","Oceania","5312","Area harvested","0111","Wheat","2001","2001","ha","11578175","A","Official figure",""
"QCL","Crops and livestock products","009","Oceania","5412","Yield","0111","Wheat","2001","2001","kg/ha","2130.2","A","Official figure",""
"QCL","Crops and livestock products","009","Oceania","5510","Production","0111","Wheat","2001","2001","t","24663372","A","Official figure",""
"QCL","Crops and livestock products","009","Oceania","5312","Area harvested","0111","Wheat","2002","2002","ha","11212467","A","Official figure",""
"QCL","Crops and livestock products","009","Oceania","5412","Yield","0111","Wheat","2002","2002","kg/ha","930.5","A","Official figure",""
"QCL","Crops and livestock products","009","Oceania","5510","Production","0111","Wheat","2002","2002","t","10433423","A","Official figure",""
"QCL","Crops and livestock products","009","Oceania","5312","Area harvested","0111","Wheat","2003","2003","ha","13109687","A","Official figure",""
"QCL","Crops and livestock products","009","Oceania","5412","Yield","0111","Wheat","2003","2003","kg/ha","2017.7","A","Official figure",""
"QCL","Crops and livestock products","009","Oceania","5510","Production","0111","Wheat","2003","2003","t","26450805","A","Official figure",""
"QCL","Crops and livestock products","009","Oceania","5312","Area harvested","0111","Wheat","2004","2004","ha","13438483","A","Official figure",""
"QCL","Crops and livestock products","009","Oceania","5412","Yield","0111","Wheat","2004","2004","kg/ha","1649.1","A","Official figure",""
"QCL","Crops and livestock products","009","Oceania","5510","Production","0111","Wheat","2004","2004","t","22161018","A","Official figure",""
"QCL","Crops and livestock products","009","Oceania","5312","Area harvested","0111","Wheat","2005","2005","ha","12482153","A","Official figure",""
"QCL","Crops and livestock products","009","Oceania","5412","Yield","0111","Wheat","2005","2005","kg/ha","2040.5","A","Official figure",""
"QCL","Crops and livestock products","009","Oceania","5510","Production","0111","Wheat","2005","2005","t","25469326","A","Official figure",""
"QCL","Crops and livestock products","009","Oceania","5312","Area harvested","0111","Wheat","2006","2006","ha","11835850","A","Official figure",""
"QCL","Crops and livestock products","009","Oceania","5412","Yield","0111","Wheat","2006","2006","kg/ha","936.4","A","Official figure",""
"QCL","Crops and livestock products","009","Oceania","5510","Production","0111","Wheat","2006","2006","t","11083426","A","Official figure",""
"QCL","Crops and livestock products","009","Oceania","5312","Area harvested","0111","Wheat","2007","2007","ha","12618847","A","Official figure",""
"QCL","Crops and livestock products","009","Oceania","5412","Yield","0111","Wheat","2007","2007","kg/ha","1102.6","A","Official figure",""
"QCL","Crops and livestock products","009","Oceania","5510","Production","0111","Wheat","2007","2007","t","13913812","A","Official figure",""
"QCL","Crops and livestock products","009","Oceania","5312","Area harvested","0111","Wheat","2008","2008","ha","13572522","A","Official figure",""
"QCL","Crops and livestock products","009","Oceania","5412","Yield","0111","Wheat","2008","2008","kg/ha","1603.5","A","Official figure",""
"QCL","Crops and livestock products","009","Oceania","5510","Production","0111","Wheat","2008","2008","t","21763527","A","Official figure",""
"QCL","Crops and livestock products","009","Oceania","5312","Area harvested","0111","Wheat","2009","2009","ha","13934884","A","Official figure",""
"QCL","Crops and livestock products","009","Oceania","5412","Yield","0111","Wheat","2009","2009","kg/ha","1595.8","A","Official figure",""
"QCL","Crops and livestock products","009","Oceania","5510","Production","0111","Wheat","2009","2009","t","22237473","A","Official figure",""
"QCL","Crops and livestock products","009","Oceania","5312","Area harvested","0111","Wheat","2010","2010","ha","13556542","A","Official figure",""
"QCL","Crops and livestock products","009","Oceania","5412","Yield","0111","Wheat","2010","2010","kg/ha","2054.7","A","Official figure",""
"QCL","Crops and livestock products","009","Oceania","5510","Production","0111","Wheat","2010","2010","t","27854966","A","Official figure",""
"QCL","Crops and livestock products","009","Oceania","5312","Area harvested","0111","Wheat","2011","2011","ha","13954744","A","Official figure",""
"QCL","Crops and livestock products","009","Oceania","5412","Yield","0111","Wheat","2011","2011","kg/ha","2170.5","A","Official figure",""
"QCL","Crops and livestock products","009","Oceania","5510","Production","0111","Wheat","2011","2011","t","30288271","A","Official figure",""
"QCL","Crops and livestock products","009","Oceania","5312","Area harvested","0111","Wheat","2012","2012","ha","13034142","A","Official figure",""
"QCL","Crops and livestock products","009","Oceania","5412","Yield","0111","Wheat","2012","2012","kg/ha","1791","A","Official figure",""
"QCL","Crops and livestock products","009","Oceania","5510","Production","0111","Wheat","2012","2012","t","23344210","A","Official figure",""
"QCL","Crops and livestock products","009","Oceania","5312","Area harvested","0111","Wheat","2013","2013","ha","12662427","A","Official figure",""
"QCL","Crops and livestock products","009","Oceania","5412","Yield","0111","Wheat","2013","2013","kg/ha","2033.6","A","Official figure",""
"QCL","Crops and livestock products","009","Oceania","5510","Production","0111","Wheat","2013","2013","t","25750877","A","Official figure",""
"QCL","Crops and livestock products","009","Oceania","5312","Area harvested","0111","Wheat","2014","2014","ha","12431605","A","Official figure",""
"QCL","Crops and livestock products","009","Oceania","5412","Yield","0111","Wheat","2014","2014","kg/ha","1943.1","A","Official figure",""
"QCL","Crops and livestock products","009","Oceania","5510","Production","0111","Wheat","2014","2014","t","24156057","A","Official figure",""
"QCL","Crops and livestock products","009","Oceania","5312","Area harvested","0111","Wheat","2015","2015","ha","11329896","A","Official figure",""
"QCL","Crops and livestock products","009","Oceania","5412","Yield","0111","Wheat","2015","2015","kg/ha","2002.5","A","Official figure",""
"QCL","Crops and livestock products","009","Oceania","5510","Production","0111","Wheat","2015","2015","t","22688053.58","A","Official figure",""
"QCL","Crops and livestock products","009","Oceania","5312","Area harvested","0111","Wheat","2016","2016","ha","12241111","A","Official figure",""
"QCL","Crops and livestock products","009","Oceania","5412","Yield","0111","Wheat","2016","2016","kg/ha","2636.9","A","Official figure",""
"QCL","Crops and livestock products","009","Oceania","5510","Production","0111","Wheat","2016","2016","t","32278101.02","A","Official figure",""
"QCL","Crops and livestock products","009","Oceania","5312","Area harvested","0111","Wheat","2017","2017","ha","10960279","A","Official figure",""
"QCL","Crops and livestock products","009","Oceania","5412","Yield","0111","Wheat","2017","2017","kg/ha","1947.6","A","Official figure",""
"QCL","Crops and livestock products","009","Oceania","5510","Production","0111","Wheat","2017","2017","t","21346330.56","A","Official figure",""
"QCL","Crops and livestock products","009","Oceania","5312","Area harvested","0111","Wheat","2018","2018","ha","10443690","A","Official figure",""
"QCL","Crops and livestock products","009","Oceania","5412","Yield","0111","Wheat","2018","2018","kg/ha","1720.5","A","Official figure",""
"QCL","Crops and livestock products","009","Oceania","5510","Production","0111","Wheat","2018","2018","t","17968591.98","A","Official figure",""
"QCL","Crops and livestock products","009","Oceania","5312","Area harvested","0111","Wheat","2019","2019","ha","9908339","A","Official figure",""
"QCL","Crops and livestock products","009","Oceania","5412","Yield","0111","Wheat","2019","2019","kg/ha","1501.6","A","Official figure",""
"QCL","Crops and livestock products","009","Oceania","5510","Production","0111","Wheat","2019","2019","t","14878418.44","A","Official figure",""
"QCL","Crops and livestock products","009","Oceania","5312","Area harvested","0111","Wheat","2020","2020","ha","12688992","A","Official figure",""
"QCL","Crops and livestock products","009","Oceania","5412","Yield","0111","Wheat","2020","2020","kg/ha","2551.5","A","Official figure",""
"QCL","Crops and livestock products","009","Oceania","5510","Production","0111","Wheat","2020","2020","t","32376357.3","A","Official figure",""
"QCL","Crops and livestock products","009","Oceania","5312","Area harvested","0111","Wheat","2021","2021","ha","12771932","A","Official figure",""
"QCL","Crops and livestock products","009","Oceania","5412","Yield","0111","Wheat","2021","2021","kg/ha","2870.4","A","Official figure",""
"QCL","Crops and livestock products","009","Oceania","5510","Production","0111","Wheat","2021","2021","t","36660392.73","A","Official figure",""
"QCL","Crops and livestock products","009","Oceania","5312","Area harvested","0111","Wheat","2022","2022","ha","12968164","A","Official figure",""
"QCL","Crops and livestock products","009","Oceania","5412","Yield","0111","Wheat","2022","2022","kg/ha","3208","A","Official figure",""
"QCL","Crops and livestock products","009","Oceania","5510","Production","0111","Wheat","2022","2022","t","41602048","A","Official figure",""
"QCL","Crops and livestock products","009","Oceania","5312","Area harvested","0111","Wheat","2023","2023","ha","10547522","A","Official figure",""
"QCL","Crops and livestock products","009","Oceania","5412","Yield","0111","Wheat","2023","2023","kg/ha","2694.5","A","Official figure",""
"QCL","Crops and livestock products","009","Oceania","5510","Production","0111","Wheat","2023","2023","t","28420057.06","A","Official figure",""
"QCL","Crops and livestock products","009","Oceania","5312","Area harvested","0111","Wheat","2024","2024","ha","13106438","A","Official figure",""
"QCL","Crops and livestock products","009","Oceania","5412","Yield","0111","Wheat","2024","2024","kg/ha","2638","A","Official figure",""
"QCL","Crops and livestock products","009","Oceania","5510","Production","0111","Wheat","2024","2024","t","34574630.82","A","Official figure",""
